nr_cnpj_entidade,sg_uf,no_ente,dt_mes_bimestre,dt_ano,no_segmento,no_tipo_ativo,pc_cmn,id_ativo,no_fundo,qt_rpps,vl_atual_ativo,vl_total_atual,pc_rpps,vl_patrimonio,pc_patrimonio
29131075000193,RJ,Maricá,1,2025,Renda Fixa,Fundo/Classe de Investimento - 100% Títulos Públicos SELIC - Art. 7º  I  b,100,13322205000135,BB PREVIDENCIARIO RENDA FIXA IDKA 2 TITULOS PUBLICOS FUNDO DE INVESTIMENTO,15665070.5196953330,3.9953070260,62586766.31,14.67,4611244033.51,1.36
29131075000193,RJ,Maricá,6,2025,Renda Fixa,Fundo/Classe de Investimento - 100% Títulos Públicos SELIC - Art. 7º  I  b,100,11328882000135,BB PREVIDENCIARIO RENDA FIXA IRF-M1 TITULOS PUBLICOS FUNDO DE INVESTIMENTO EM COTAS DE FUNDO DE INVESTIMENTO,2319305.4661803530,4.1096700000,9531580.1,1.86,9402474657.80,0.10
29131075000193,RJ,Maricá,3,2025,Renda Fixa,Fundo/Classe de Investimento em Renda Fixa - Geral - Art. 7º  III  a,60,13077418000149,BB PREVIDENCIARIO RENDA FIXA REFERENCIADO DI LONGO PRAZO PERFIL FUNDO DE INVESTIMENTO EM COTAS DE FUNDOS DE INVESTIMENTO,15289199.2876935540,3.5018480600,53540452.86,11.96,21247736610.03,0.25
29131075000193,RJ,Maricá,1,2025,Disponibilidades Financeiras,,,2280/31081-6,1 - Banco do Brasil S.A.,1.0000000000,0.0000000000,0.0,0.00,,
29131075000193,RJ,Maricá,4,2025,Investimentos Estruturados,Fundo/Classe de Investimento Multimercado FIM - Art. 10  I,10,30036235000102,FUNDO DE INVESTIMENTO CAIXA BOLSA AMERICANA MULTIMERCADO LONGO PRAZO,1228160.9947121530,2.5594150000,3143373.67,0.68,1735952341.01,0.18
29131075000193,RJ,Maricá,1,2025,Renda Fixa,Fundo/Classe de Investimento - 100% Títulos Públicos SELIC - Art. 7º  I  b,100,11328882000135,BB PREVIDENCIARIO RENDA FIXA IRF-M1 TITULOS PUBLICOS FUNDO DE INVESTIMENTO EM COTAS DE FUNDO DE INVESTIMENTO,2319305.4661803530,3.8997662420,9044749.16,2.12,8531806470.21,0.11
29131075000193,RJ,Maricá,5,2025,Renda Fixa,Fundo/Classe de Investimento em Renda Fixa - Geral - Art. 7º  III  a,60,13077415000105,BB PREVIDENCIARIO  FLUXO  RENDA  FIXA  SIMPLES  FUNDO DE INVESTIMENTO EM COTAS DE FUNDOS  DE INVESTIMENTO,5057539.2063130000,3.1292122230,15826113.5,3.29,4525393998.58,0.35
29131075000193,RJ,Maricá,4,2025,Disponibilidades Financeiras,,,1244/89-1,104 - Caixa Econômica Federal,1.0000000000,6278.0500000000,6278.05,0.00,,
29131075000193,RJ,Maricá,3,2025,Renda Fixa,Fundo/Classe de Investimento - 100% Títulos Públicos SELIC - Art. 7º  I  b,100,11328882000135,BB PREVIDENCIARIO RENDA FIXA IRF-M1 TITULOS PUBLICOS FUNDO DE INVESTIMENTO EM COTAS DE FUNDO DE INVESTIMENTO,4496550.7543862500,3.9766229200,17881086.79,3.99,8881539467.76,0.20
29131075000193,RJ,Maricá,1,2025,Disponibilidades Financeiras,,,2280/32995-9,1 - Banco do Brasil S.A.,1.0000000000,0.0000000000,0.0,0.00,,
29131075000193,RJ,Maricá,3,2025,Renda Variável,Fundo/Classe de Investimento em BDR-Ações - art. 8º  III,30,17502937000168,FUNDO DE INVESTIMENTO EM ACOES CAIXA INSTITUCIONAL BDR NIVEL I,324783.9374855880,8.6629357300,2813582.38,0.63,2559177301.63,0.11
29131075000193,RJ,Maricá,6,2025,Renda Fixa,Fundo/Classe de Investimento - 100% Títulos Públicos SELIC - Art. 7º  I  b,100,07442078000105,BB PREVIDENCIARIO RENDA FIXA IMA-B TITULOS PUBLICOS FUNDO DE INVESTIMENTO,49368.8182310000,8.3679720000,413116.89,0.08,2529655854.49,0.02
29131075000193,RJ,Maricá,5,2025,Renda Variável,Fundo/Classe de Investimento em Ações - Art. 8º  I,30,24571992000175,ITAU ACOES DUNAMIS FUNDO DE INVESTIMENTO EM COTAS DE FUNDOS DE INVESTIMENTO,89035.2429577640,26.3199750000,2343405.37,0.49,1166594864.85,0.20
29131075000193,RJ,Maricá,4,2025,Renda Fixa,Fundo/Classe de Investimento - 100% Títulos Públicos SELIC - Art. 7º  I  b,100,11060913000110,FUNDO DE INVESTIMENTO CAIXA BRASIL IMA-B 5 TITULOS PUBLICOS RENDA FIXA LONGO PRAZO,1691.0233180000,4.5931560000,7767.13,0.00,5901283588.37,0.00
29131075000193,RJ,Maricá,1,2025,Renda Fixa,Fundo/Classe de Investimento - 100% Títulos Públicos SELIC - Art. 7º  I  b,100,07442078000105,BB PREVIDENCIARIO RENDA FIXA IMA-B TITULOS PUBLICOS FUNDO DE INVESTIMENTO,1663814.2962621200,7.7796540190,12943899.58,3.03,3269210872.49,0.40
29131075000193,RJ,Maricá,5,2025,Disponibilidades Financeiras,,,8906/31126-4,341 - Itaú Unibanco S.A.,1.0000000000,0.0000000000,0.0,0.00,,
29131075000193,RJ,Maricá,2,2025,Renda Fixa,Fundo/Classe de Investimento em Renda Fixa - Geral - Art. 7º  III  a,60,13077415000105,BB PREVIDENCIARIO  FLUXO  RENDA  FIXA  SIMPLES  FUNDO DE INVESTIMENTO EM COTAS DE FUNDOS  DE INVESTIMENTO,22326835.1817850000,3.0401288200,67876455.1,15.47,4711064854.90,1.44
29131075000193,RJ,Maricá,2,2025,Disponibilidades Financeiras,,,2280/31081-6,1 - Banco do Brasil S.A.,1.0000000000,0.0000000000,0.0,0.00,,
29131075000193,RJ,Maricá,5,2025,Renda Fixa,Fundo/Classe de Investimento em Renda Fixa - Geral - Art. 7º  III  a,60,07861554000122,BB PREVIDENCIARIO RENDA FIXA IMA-B FUNDO DE INVESTIMENTO,1468350.1522597210,7.3209165690,10749668.96,2.23,480445554.17,2.24
29131075000193,RJ,Maricá,5,2025,Renda Fixa,Fundo/Classe de Investimento - 100% Títulos Públicos SELIC - Art. 7º  I  b,100,07442078000105,BB PREVIDENCIARIO RENDA FIXA IMA-B TITULOS PUBLICOS FUNDO DE INVESTIMENTO,1663814.2962621200,8.2649206210,13751293.09,2.86,2924383209.55,0.47
29131075000193,RJ,Maricá,6,2025,Renda Variável,Fundo/Classe de Investimento em Ações - Art. 8º  I,30,29258294000138,BB  ACOES  VALOR FUNDO  DE INVESTIMENTO EM COTAS DE FUNDOS DE INVESTIMENTO EM ACOES,5166351.1565773520,1.6478310000,8513273.59,1.66,577865148.01,1.47
29131075000193,RJ,Maricá,5,2025,Renda Variável,Fundo/Classe de Investimento em Ações - Art. 8º  I,30,14213331000114,BB DIVIDENDOS MIDCAPS FIC ACOES,3034636.3888407710,3.0490264580,9252686.64,1.92,788332065.08,1.17
29131075000193,RJ,Maricá,2,2025,Renda Fixa,Fundo/Classe de Investimento - 100% Títulos Públicos SELIC - Art. 7º  I  b,100,07442078000105,BB PREVIDENCIARIO RENDA FIXA IMA-B TITULOS PUBLICOS FUNDO DE INVESTIMENTO,49368.8182310000,7.8181628300,385973.46,0.09,3032892573.46,0.01
29131075000193,RJ,Maricá,2,2025,Renda Variável,Fundo/Classe de Investimento em BDR-Ações - art. 8º  III,30,17502937000168,FUNDO DE INVESTIMENTO EM ACOES CAIXA INSTITUCIONAL BDR NIVEL I,324783.9374855880,9.5849285500,3113030.83,0.71,2956276037.04,0.11
29131075000193,RJ,Maricá,4,2025,Disponibilidades Financeiras,,,2280/31081-6,1 - Banco do Brasil S.A.,1.0000000000,0.0000000000,0.0,0.00,,
29131075000193,RJ,Maricá,6,2025,Renda Variável,Fundo/Classe de Investimento em Ações - Art. 8º  I,30,05100191000187,BB ACOES DIVIDENDOS FUNDO DE INVESTIMENTO EM COTAS DE FUNDOS DE INVESTIMENTO,1082677.9843850440,21.1807870000,22931971.78,4.47,517329754.88,4.43
29131075000193,RJ,Maricá,4,2025,Renda Variável,Fundo/Classe de Investimento em Ações - Art. 8º  I,30,07882792000114,BB  ACOES  SELECAO FATORIAL FUNDO DE INVESTIMENTO EM COTAS DE FUNDOS DE INVESTIMENTO,1075084.0379293700,2.6575136080,2857050.46,0.62,899310900.10,0.32
29131075000193,RJ,Maricá,4,2025,Investimentos Estruturados,Fundo/Classe de Investimento Multimercado FIM - Art. 10  I,10,08070841000187,CAIXA ALOCAÇÃO MACRO FIC MULTIMERCADO LP,618610.4912240000,4.8292520000,2987425.95,0.65,926200552.23,0.32
29131075000193,RJ,Maricá,2,2025,Investimentos Estruturados,Fundo/Classe de Investimento Multimercado FIM - Art. 10  I,10,34660276000118,FUNDO DE INVESTIMENTO EM COTAS DE FUNDOS DE INVESTIMENTO CAIXA BRASIL ESTRATEGIA LIVRE MULTIMERCADO LONGO PRAZO,3103.8308373650,1332.1546160000,4134782.58,0.94,157720486.43,2.62
29131075000193,RJ,Maricá,5,2025,Renda Fixa,Fundo/Classe de Investimento - 100% Títulos Públicos SELIC - Art. 7º  I  b,100,10740658000193,FUNDO DE INVESTIMENTO CAIXA BRASIL IMA-B TITULOS PUBLICOS RENDA FIXA LONGO PRAZO,1027.5622510000,4.6718250000,4800.59,0.00,2354627354.78,0.00
29131075000193,RJ,Maricá,6,2025,Disponibilidades Financeiras,,,1244/89-1,104 - Caixa Econômica Federal,1.0000000000,6278.0500000000,6278.05,0.00,,
29131075000193,RJ,Maricá,6,2025,Renda Fixa,Fundo/Classe de Investimento em Renda Fixa - Geral - Art. 7º  III  a,60,07861554000122,BB PREVIDENCIARIO RENDA FIXA IMA-B FUNDO DE INVESTIMENTO,1468350.1522597210,7.4134300000,10885511.07,2.12,472424278.54,2.30
29131075000193,RJ,Maricá,6,2025,Renda Fixa,Fundo/Classe de Investimento - 100% Títulos Públicos SELIC - Art. 7º  I  b,100,23215097000155,FUNDO DE INVESTIMENTO EM COTAS DE FUNDOS DE INVESTIMENTO CAIXA BRASIL GESTAO ESTRATEGICA RENDA FIXA,11912780.4885030500,2.1551090000,25673340.45,5.00,3323167915.38,0.77
29131075000193,RJ,Maricá,2,2025,Investimentos Estruturados,Fundo/Classe de Investimento Multimercado FIM - Art. 10  I,10,08070841000187,CAIXA ALOCAÇÃO MACRO FIC MULTIMERCADO LP,618610.4912240000,4.7552560000,2941651.25,0.67,965470442.86,0.30
29131075000193,RJ,Maricá,3,2025,Renda Fixa,Fundo/Classe de Investimento em Renda Fixa - Geral - Art. 7º  III  a,60,13077415000105,BB PREVIDENCIARIO  FLUXO  RENDA  FIXA  SIMPLES  FUNDO DE INVESTIMENTO EM COTAS DE FUNDOS  DE INVESTIMENTO,3273619.4654070000,3.0669182790,10039923.38,2.24,4878410152.56,0.21
29131075000193,RJ,Maricá,1,2025,Renda Fixa,Fundo/Classe de Investimento - 100% Títulos Públicos SELIC - Art. 7º  I  b,100,10577519000190,FUNDO DE INVESTIMENTO CAIXA BRASIL IRF-M 1+ TITULOS PÚBLICOS RENDA FIXA LONGO PRAZO,0.0008667090,2.5494560000,0.0,0.00,2662649198.69,0.00
29131075000193,RJ,Maricá,6,2025,Renda Fixa,Fundo/Classe de Investimento em Renda Fixa - Geral - Art. 7º  III  a,60,13077418000149,BB PREVIDENCIARIO RENDA FIXA REFERENCIADO DI LONGO PRAZO PERFIL FUNDO DE INVESTIMENTO EM COTAS DE FUNDOS DE INVESTIMENTO,15289199.2876935540,3.6182500000,55320145.32,10.78,22585100418.71,0.24
29131075000193,RJ,Maricá,3,2025,Investimentos Estruturados,Fundo/Classe de Investimento Multimercado FIM - Art. 10  I,10,08070841000187,CAIXA ALOCAÇÃO MACRO FIC MULTIMERCADO LP,618610.4912240000,4.7941850000,2965733.14,0.66,943632355.50,0.31
29131075000193,RJ,Maricá,6,2025,Disponibilidades Financeiras,,,2280/688105-x,1 - Banco do Brasil S.A.,1.0000000000,0.0000000000,0.0,0.00,,
29131075000193,RJ,Maricá,3,2025,Renda Fixa,Fundo/Classe de Investimento - 100% Títulos Públicos SELIC - Art. 7º  I  b,100,11328882000135,BB PREVIDENCIARIO RENDA FIXA IRF-M1 TITULOS PUBLICOS FUNDO DE INVESTIMENTO EM COTAS DE FUNDO DE INVESTIMENTO,2319305.4661803530,3.9766229200,9223003.28,2.06,8881539467.76,0.10
29131075000193,RJ,Maricá,4,2025,Disponibilidades Financeiras,,,1244/90-5,104 - Caixa Econômica Federal,1.0000000000,7936.2400000000,7936.24,0.00,,
29131075000193,RJ,Maricá,6,2025,Disponibilidades Financeiras,,,2280/31081-6,1 - Banco do Brasil S.A.,1.0000000000,0.0000000000,0.0,0.00,,
29131075000193,RJ,Maricá,2,2025,Renda Fixa,Fundo/Classe de Investimento - 100% Títulos Públicos SELIC - Art. 7º  I  b,100,10577519000190,FUNDO DE INVESTIMENTO CAIXA BRASIL IRF-M 1+ TITULOS PÚBLICOS RENDA FIXA LONGO PRAZO,0.0008667090,2.5494560000,0.0,0.00,2662649198.69,0.00
29131075000193,RJ,Maricá,3,2025,Disponibilidades Financeiras,,,2280/688105-x,1 - Banco do Brasil S.A.,1.0000000000,0.0000000000,0.0,0.00,,
29131075000193,RJ,Maricá,3,2025,Renda Variável,Fundo/Classe de Investimento em Ações - Art. 8º  I,30,24571992000175,ITAU ACOES DUNAMIS FUNDO DE INVESTIMENTO EM COTAS DE FUNDOS DE INVESTIMENTO,89035.2429577640,25.3976400000,2261285.05,0.51,1161790806.96,0.19
29131075000193,RJ,Maricá,1,2025,Renda Variável,Fundo/Classe de Investimento em Ações - Art. 8º  I,30,07882792000114,BB  ACOES  SELECAO FATORIAL FUNDO DE INVESTIMENTO EM COTAS DE FUNDOS DE INVESTIMENTO,1075084.0379293700,2.6105924620,2806606.29,0.66,963794294.49,0.29
29131075000193,RJ,Maricá,5,2025,Disponibilidades Financeiras,,,2280/31081-6,1 - Banco do Brasil S.A.,1.0000000000,0.0000000000,0.0,0.00,,
29131075000193,RJ,Maricá,1,2025,Renda Variável,Fundo/Classe de Investimento em BDR-Ações - art. 8º  III,30,17502937000168,FUNDO DE INVESTIMENTO EM ACOES CAIXA INSTITUCIONAL BDR NIVEL I,324783.9374855880,9.8505886900,3199312.98,0.75,3150473758.09,0.10
29131075000193,RJ,Maricá,5,2025,Renda Variável,Fundo/Classe de Investimento em Ações - Art. 8º  I,30,07882792000114,BB  ACOES  SELECAO FATORIAL FUNDO DE INVESTIMENTO EM COTAS DE FUNDOS DE INVESTIMENTO,1075084.0379293700,2.7083999260,2911757.53,0.60,892218265.67,0.33
29131075000193,RJ,Maricá,5,2025,Renda Fixa,Fundo/Classe de Investimento em Renda Fixa - Geral - Art. 7º  III  a,60,13077418000149,BB PREVIDENCIARIO RENDA FIXA REFERENCIADO DI LONGO PRAZO PERFIL FUNDO DE INVESTIMENTO EM COTAS DE FUNDOS DE INVESTIMENTO,15289199.2876935540,3.5787760060,54716619.56,11.36,22856963987.87,0.24
29131075000193,RJ,Maricá,3,2025,Renda Variável,Fundo/Classe de Investimento em Ações - Art. 8º  I,30,29258294000138,BB  ACOES  VALOR FUNDO  DE INVESTIMENTO EM COTAS DE FUNDOS DE INVESTIMENTO EM ACOES,5166351.1565773520,1.5293167800,7900987.52,1.77,632767927.44,1.25
29131075000193,RJ,Maricá,4,2025,Disponibilidades Financeiras,,,1244/56-5,104 - Caixa Econômica Federal,1.0000000000,211081.4200000000,211081.42,0.05,,
29131075000193,RJ,Maricá,2,2025,Disponibilidades Financeiras,,,1244/89-1,104 - Caixa Econômica Federal,1.0000000000,6320.7200000000,6320.72,0.00,,
29131075000193,RJ,Maricá,5,2025,Renda Fixa,Ativos de Renda Fixa Emitidos por Instituições Financeiras - Art. 7º  IV,20,,etra Financeira Santander,1.0000000000,23349715.9700000000,23349715.97,4.85,0.00,0.00
29131075000193,RJ,Maricá,6,2025,Renda Fixa,Fundo/Classe de Investimento - 100% Títulos Públicos SELIC - Art. 7º  I  b,100,07442078000105,BB PREVIDENCIARIO RENDA FIXA IMA-B TITULOS PUBLICOS FUNDO DE INVESTIMENTO,0.0004323710,8.3679720000,0.0,0.00,2529655854.49,0.00
29131075000193,RJ,Maricá,2,2025,Disponibilidades Financeiras,,,1244/90-5,104 - Caixa Econômica Federal,1.0000000000,7818.1400000000,7818.14,0.00,,
29131075000193,RJ,Maricá,5,2025,Renda Fixa,Fundo/Classe de Investimento - 100% Títulos Públicos SELIC - Art. 7º  I  b,100,11060913000110,FUNDO DE INVESTIMENTO CAIXA BRASIL IMA-B 5 TITULOS PUBLICOS RENDA FIXA LONGO PRAZO,37573.7163230000,4.6211880000,173635.21,0.04,5955272309.13,0.00
29131075000193,RJ,Maricá,3,2025,Renda Fixa,Fundo/Classe de Investimento - 100% Títulos Públicos SELIC - Art. 7º  I  b,100,07442078000105,BB PREVIDENCIARIO RENDA FIXA IMA-B TITULOS PUBLICOS FUNDO DE INVESTIMENTO,1663814.2962621200,7.9611891220,13245940.28,2.96,2993964522.88,0.44
29131075000193,RJ,Maricá,3,2025,Renda Fixa,Fundo/Classe de Investimento em Renda Fixa - Geral - Art. 7º  III  a,60,07861554000122,BB PREVIDENCIARIO RENDA FIXA IMA-B FUNDO DE INVESTIMENTO,1468350.1522597210,7.0543314820,10358228.71,2.31,479336745.01,2.16
29131075000193,RJ,Maricá,1,2025,Renda Fixa,Fundo/Classe de Investimento - 100% Títulos Públicos SELIC - Art. 7º  I  b,100,23215097000155,FUNDO DE INVESTIMENTO EM COTAS DE FUNDOS DE INVESTIMENTO CAIXA BRASIL GESTAO ESTRATEGICA RENDA FIXA,11912780.4885030500,2.0519650000,24444608.62,5.73,3676053173.30,0.66
29131075000193,RJ,Maricá,5,2025,Disponibilidades Financeiras,,,2280/688105-x,1 - Banco do Brasil S.A.,1.0000000000,0.0000000000,0.0,0.00,,
29131075000193,RJ,Maricá,4,2025,Investimentos Estruturados,Fundo/Classe de Investimento Multimercado FIM - Art. 10  I,10,10418362000150,BB PREVIDENCIARIO MULTIMERCADO FUNDO DE INVESTIMENTO LONGO PRAZO,743077.2022400000,4.2077587640,3126689.61,0.68,283781085.01,1.10
29131075000193,RJ,Maricá,3,2025,Disponibilidades Financeiras,,,2280/31081-6,1 - Banco do Brasil S.A.,1.0000000000,0.0000000000,0.0,0.00,,
29131075000193,RJ,Maricá,5,2025,Renda Fixa,Fundo/Classe de Investimento - 100% Títulos Públicos SELIC - Art. 7º  I  b,100,07442078000105,BB PREVIDENCIARIO RENDA FIXA IMA-B TITULOS PUBLICOS FUNDO DE INVESTIMENTO,49368.8182310000,8.2649206210,408029.36,0.08,2924383209.55,0.01
29131075000193,RJ,Maricá,3,2025,Renda Fixa,Ativos de Renda Fixa Emitidos por Instituições Financeiras - Art. 7º  IV,20,,etra Financeira Santander,1.0000000000,22739555.0400000000,22739555.04,5.08,0.00,0.00
29131075000193,RJ,Maricá,4,2025,Renda Fixa,Fundo/Classe de Investimento em Renda Fixa - Geral - Art. 7º  III  a,60,07861554000122,BB PREVIDENCIARIO RENDA FIXA IMA-B FUNDO DE INVESTIMENTO,1468350.1522597210,7.1998781430,10571942.17,2.29,468470673.74,2.26
29131075000193,RJ,Maricá,4,2025,Renda Fixa,Fundo/Classe de Investimento - 100% Títulos Públicos SELIC - Art. 7º  I  b,100,07442078000105,BB PREVIDENCIARIO RENDA FIXA IMA-B TITULOS PUBLICOS FUNDO DE INVESTIMENTO,0.0004323710,8.1257204490,0.0,0.00,2958723811.69,0.00
29131075000193,RJ,Maricá,5,2025,Renda Variável,Fundo/Classe de Investimento em Ações - Art. 8º  I,30,15154220000147,FUNDO DE INVESTIMENTO EM ACOES CAIXA SMALL CAPS ATIVO,1605361.4792442820,1.4484570000,2325297.07,0.48,508094933.15,0.46
29131075000193,RJ,Maricá,1,2025,Investimentos Estruturados,Fundo/Classe de Investimento Multimercado FIM - Art. 10  I,10,10418362000150,BB PREVIDENCIARIO MULTIMERCADO FUNDO DE INVESTIMENTO LONGO PRAZO,743077.2022400000,4.1229789230,3063691.64,0.72,307681155.35,1.00
29131075000193,RJ,Maricá,6,2025,Disponibilidades Financeiras,,,1244/90-5,104 - Caixa Econômica Federal,1.0000000000,7936.2400000000,7936.24,0.00,,
29131075000193,RJ,Maricá,3,2025,Investimentos Estruturados,Fundo/Classe de Investimento Multimercado FIM - Art. 10  I,10,30036235000102,FUNDO DE INVESTIMENTO CAIXA BOLSA AMERICANA MULTIMERCADO LONGO PRAZO,1228160.9947121530,2.5756080000,3163261.28,0.71,1923752057.36,0.16
29131075000193,RJ,Maricá,4,2025,Renda Fixa,Fundo/Classe de Investimento em Renda Fixa - Geral - Art. 7º  III  a,60,13077418000149,BB PREVIDENCIARIO RENDA FIXA REFERENCIADO DI LONGO PRAZO PERFIL FUNDO DE INVESTIMENTO EM COTAS DE FUNDOS DE INVESTIMENTO,15289199.2876935540,3.5381019300,54094745.51,11.71,21477397178.42,0.25
29131075000193,RJ,Maricá,2,2025,Renda Fixa,Fundo/Classe de Investimento - 100% Títulos Públicos SELIC - Art. 7º  I  b,100,07442078000105,BB PREVIDENCIARIO RENDA FIXA IMA-B TITULOS PUBLICOS FUNDO DE INVESTIMENTO,0.0004323710,7.8181628300,0.0,0.00,3032892573.46,0.00
29131075000193,RJ,Maricá,6,2025,Renda Fixa,Fundo/Classe de Investimento - 100% Títulos Públicos SELIC - Art. 7º  I  b,100,03543447000103,BB PREVIDENCIARIO RENDA FIXA IMA-B 5 LONGO PRAZO FUNDO DE INVESTIMENTO EM COTAS DE FUNDOS DE INVESTIMENTO,2129385.0086814330,29.6055630000,63041642.03,12.28,3939047508.98,1.60
29131075000193,RJ,Maricá,3,2025,Renda Fixa,Fundo/Classe de Investimento - 100% Títulos Públicos SELIC - Art. 7º  I  b,100,03543447000103,BB PREVIDENCIARIO RENDA FIXA IMA-B 5 LONGO PRAZO FUNDO DE INVESTIMENTO EM COTAS DE FUNDOS DE INVESTIMENTO,301688.8211157720,28.7886095370,8685201.67,1.94,4015056024.79,0.22
29131075000193,RJ,Maricá,3,2025,Disponibilidades Financeiras,,,1244/89-1,104 - Caixa Econômica Federal,1.0000000000,6278.0500000000,6278.05,0.00,,
29131075000193,RJ,Maricá,4,2025,Renda Fixa,Fundo/Classe de Investimento - 100% Títulos Públicos SELIC - Art. 7º  I  b,100,23215097000155,FUNDO DE INVESTIMENTO EM COTAS DE FUNDOS DE INVESTIMENTO CAIXA BRASIL GESTAO ESTRATEGICA RENDA FIXA,11912780.4885030500,2.1162120000,25209969.02,5.46,3388406820.37,0.74
29131075000193,RJ,Maricá,4,2025,Renda Fixa,Fundo/Classe de Investimento - 100% Títulos Públicos SELIC - Art. 7º  I  b,100,10740670000106,FUNDO DE INVESTIMENTO CAIXA BRASIL IRF-M 1 TITULOS PUBLICOS RENDA FIXA,3017097.5627693940,3.8734440000,11686558.45,2.53,8410626309.55,0.14
29131075000193,RJ,Maricá,4,2025,Renda Fixa,Fundo/Classe de Investimento - 100% Títulos Públicos SELIC - Art. 7º  I  b,100,11060913000110,FUNDO DE INVESTIMENTO CAIXA BRASIL IMA-B 5 TITULOS PUBLICOS RENDA FIXA LONGO PRAZO,1419857.2437300000,4.5931560000,6521625.82,1.41,5901283588.37,0.11
29131075000193,RJ,Maricá,1,2025,Investimentos Estruturados,Fundo/Classe de Investimento Multimercado FIM - Art. 10  I,10,30036235000102,FUNDO DE INVESTIMENTO CAIXA BOLSA AMERICANA MULTIMERCADO LONGO PRAZO,1228160.9947121530,2.7399110000,3365051.82,0.79,2136969086.50,0.16
29131075000193,RJ,Maricá,6,2025,Renda Fixa,Fundo/Classe de Investimento em Renda Fixa - Geral - Art. 7º  III  a,60,13077415000105,BB PREVIDENCIARIO  FLUXO  RENDA  FIXA  SIMPLES  FUNDO DE INVESTIMENTO EM COTAS DE FUNDOS  DE INVESTIMENTO,7724493.6295560000,3.1610330000,24417379.27,4.76,4686070040.55,0.52
29131075000193,RJ,Maricá,2,2025,Disponibilidades Financeiras,,,8906/31126-4,341 - Itaú Unibanco S.A.,1.0000000000,0.0000000000,0.0,0.00,,
29131075000193,RJ,Maricá,5,2025,Renda Fixa,Fundo/Classe de Investimento - 100% Títulos Públicos SELIC - Art. 7º  I  b,100,13322205000135,BB PREVIDENCIARIO RENDA FIXA IDKA 2 TITULOS PUBLICOS FUNDO DE INVESTIMENTO,15665070.5196953330,4.1253979960,64624650.53,13.42,4417420635.98,1.46
29131075000193,RJ,Maricá,5,2025,Renda Fixa,Fundo/Classe de Investimento em Renda Fixa - Geral - Art. 7º  III  a,60,35292588000189,BB  PREVIDENCIARIO  RENDA  FIXA  ALOCACAO  ATIVA  RETORNO  TOTAL  FUNDO  DE  INVESTIMENTO EM COTAS  DE FUNDOS DE INVESTIMENTO,16396545.6755801754,1.5376350880,25211903.95,5.24,4851044752.91,0.52
29131075000193,RJ,Maricá,6,2025,Renda Fixa,Fundo/Classe de Investimento - 100% Títulos Públicos SELIC - Art. 7º  I  b,100,10740670000106,FUNDO DE INVESTIMENTO CAIXA BRASIL IRF-M 1 TITULOS PUBLICOS RENDA FIXA,63044.7556730000,3.9552030000,249354.81,0.05,8802049921.20,0.00
29131075000193,RJ,Maricá,6,2025,Renda Fixa,Fundo/Classe de Investimento - 100% Títulos Públicos SELIC - Art. 7º  I  b,100,39255739000180,BB PREVIDENCIARIO RENDA FIXA TITULOS PUBLICOS VERTICE ESPECIAL 2026 FIF RESPONSABILIDADE LIMITADA,1684208.4021366070,1.0079670000,1697626.49,0.33,766814550.24,0.22
29131075000193,RJ,Maricá,3,2025,Investimentos Estruturados,Fundo/Classe de Investimento Multimercado FIM - Art. 10  I,10,34660276000118,FUNDO DE INVESTIMENTO EM COTAS DE FUNDOS DE INVESTIMENTO CAIXA BRASIL ESTRATEGIA LIVRE MULTIMERCADO LONGO PRAZO,3103.8308373650,1341.4771210000,4163718.06,0.93,144743555.01,2.88
29131075000193,RJ,Maricá,1,2025,Renda Fixa,Fundo/Classe de Investimento - 100% Títulos Públicos SELIC - Art. 7º  I  b,100,11060913000110,FUNDO DE INVESTIMENTO CAIXA BRASIL IMA-B 5 TITULOS PUBLICOS RENDA FIXA LONGO PRAZO,37573.7163230000,4.4620160000,167654.52,0.04,6117661899.67,0.00
29131075000193,RJ,Maricá,4,2025,Disponibilidades Financeiras,,,4439/450000045,33 - Banco Santander (Brasil) S.A.,1.0000000000,53662.8300000000,53662.83,0.01,,
29131075000193,RJ,Maricá,2,2025,Renda Variável,Fundo/Classe de Investimento em Ações - Art. 8º  I,30,14213331000114,BB DIVIDENDOS MIDCAPS FIC ACOES,3034636.3888407710,2.5505457500,7739978.94,1.76,716814929.74,1.08
29131075000193,RJ,Maricá,3,2025,Disponibilidades Financeiras,,,2280/32995-9,1 - Banco do Brasil S.A.,1.0000000000,0.0000000000,0.0,0.00,,
29131075000193,RJ,Maricá,3,2025,Renda Variável,Fundo/Classe de Investimento em Ações - Art. 8º  I,30,14213331000114,BB DIVIDENDOS MIDCAPS FIC ACOES,3034636.3888407710,2.6024639300,7897531.74,1.76,723926587.07,1.09
29131075000193,RJ,Maricá,5,2025,Renda Fixa,Fundo/Classe de Investimento - 100% Títulos Públicos SELIC - Art. 7º  I  b,100,11328882000135,BB PREVIDENCIARIO RENDA FIXA IRF-M1 TITULOS PUBLICOS FUNDO DE INVESTIMENTO EM COTAS DE FUNDO DE INVESTIMENTO,4496550.7543862500,4.0676624640,18290450.72,3.80,9348920234.27,0.20
29131075000193,RJ,Maricá,3,2025,Renda Fixa,Fundo/Classe de Investimento - 100% Títulos Públicos SELIC - Art. 7º  I  b,100,23215097000155,FUNDO DE INVESTIMENTO EM COTAS DE FUNDOS DE INVESTIMENTO CAIXA BRASIL GESTAO ESTRATEGICA RENDA FIXA,11912780.4885030500,2.0820870000,24803445.39,5.54,3492532497.17,0.71
29131075000193,RJ,Maricá,3,2025,Renda Fixa,Fundo/Classe de Investimento - 100% Títulos Públicos SELIC - Art. 7º  I  b,100,10740658000193,FUNDO DE INVESTIMENTO CAIXA BRASIL IMA-B TITULOS PUBLICOS RENDA FIXA LONGO PRAZO,1027.5622510000,4.5015030000,4625.57,0.00,2336633554.24,0.00
29131075000193,RJ,Maricá,6,2025,Disponibilidades Financeiras,,,8906/31126-4,341 - Itaú Unibanco S.A.,1.0000000000,0.0000000000,0.0,0.00,,
29131075000193,RJ,Maricá,1,2025,Renda Fixa,Fundo/Classe de Investimento em Renda Fixa - Geral - Art. 7º  III  a,60,13077415000105,BB PREVIDENCIARIO  FLUXO  RENDA  FIXA  SIMPLES  FUNDO DE INVESTIMENTO EM COTAS DE FUNDOS  DE INVESTIMENTO,19825628.6244640000,3.0128768080,59732176.69,14.01,4468412591.20,1.34
29131075000193,RJ,Maricá,6,2025,Renda Fixa,Ativos de Renda Fixa Emitidos por Instituições Financeiras - Art. 7º  IV,20,,etra Financeira Santander,1.0000000000,23578790.1800000000,23578790.18,4.59,0.00,0.00
29131075000193,RJ,Maricá,3,2025,Renda Variável,Fundo/Classe de Investimento em Ações - Art. 8º  I,30,15154220000147,FUNDO DE INVESTIMENTO EM ACOES CAIXA SMALL CAPS ATIVO,1605361.4792442820,1.2792740000,2053697.2,0.46,496851206.35,0.41
29131075000193,RJ,Maricá,4,2025,Investimentos Estruturados,Fundo/Classe de Investimento Multimercado FIM - Art. 10  I,10,34660276000118,FUNDO DE INVESTIMENTO EM COTAS DE FUNDOS DE INVESTIMENTO CAIXA BRASIL ESTRATEGIA LIVRE MULTIMERCADO LONGO PRAZO,3103.8308373650,1348.6143120000,4185870.69,0.91,136116646.05,3.08
29131075000193,RJ,Maricá,2,2025,Renda Fixa,Fundo/Classe de Investimento - 100% Títulos Públicos SELIC - Art. 7º  I  b,100,11060913000110,FUNDO DE INVESTIMENTO CAIXA BRASIL IMA-B 5 TITULOS PUBLICOS RENDA FIXA LONGO PRAZO,37573.7163230000,4.4904010000,168721.05,0.04,5990578271.77,0.00
29131075000193,RJ,Maricá,1,2025,Renda Fixa,Fundo/Classe de Investimento em Renda Fixa - Geral - Art. 7º  III  a,60,35292588000189,BB  PREVIDENCIARIO  RENDA  FIXA  ALOCACAO  ATIVA  RETORNO  TOTAL  FUNDO  DE  INVESTIMENTO EM COTAS  DE FUNDOS DE INVESTIMENTO,16396545.6755801754,1.4747280620,24180446.03,5.67,5181773678.22,0.47
29131075000193,RJ,Maricá,2,2025,Renda Fixa,Fundo/Classe de Investimento - 100% Títulos Públicos SELIC - Art. 7º  I  b,100,10740670000106,FUNDO DE INVESTIMENTO CAIXA BRASIL IRF-M 1 TITULOS PUBLICOS RENDA FIXA,63044.7556730000,3.7890930000,238882.44,0.05,8210316090.70,0.00
29131075000193,RJ,Maricá,5,2025,Renda Fixa,Fundo/Classe de Investimento - 100% Títulos Públicos SELIC - Art. 7º  I  b,100,03543447000103,BB PREVIDENCIARIO RENDA FIXA IMA-B 5 LONGO PRAZO FUNDO DE INVESTIMENTO EM COTAS DE FUNDOS DE INVESTIMENTO,301688.8211157720,29.4796289150,8893674.49,1.85,4008316694.85,0.22
29131075000193,RJ,Maricá,5,2025,Renda Fixa,Fundo/Classe de Investimento - 100% Títulos Públicos SELIC - Art. 7º  I  b,100,10740658000193,FUNDO DE INVESTIMENTO CAIXA BRASIL IMA-B TITULOS PUBLICOS RENDA FIXA LONGO PRAZO,63990.4730470000,4.6718250000,298952.29,0.06,2354627354.78,0.01
29131075000193,RJ,Maricá,3,2025,Disponibilidades Financeiras,,,1244/56-5,104 - Caixa Econômica Federal,1.0000000000,15556.3600000000,15556.36,0.00,,
29131075000193,RJ,Maricá,5,2025,Renda Fixa,Fundo/Classe de Investimento - 100% Títulos Públicos SELIC - Art. 7º  I  b,100,10577519000190,FUNDO DE INVESTIMENTO CAIXA BRASIL IRF-M 1+ TITULOS PÚBLICOS RENDA FIXA LONGO PRAZO,0.0008667090,2.5494560000,0.0,0.00,2662649198.69,0.00
29131075000193,RJ,Maricá,1,2025,Renda Fixa,Fundo/Classe de Investimento - 100% Títulos Públicos SELIC - Art. 7º  I  b,100,10740658000193,FUNDO DE INVESTIMENTO CAIXA BRASIL IMA-B TITULOS PUBLICOS RENDA FIXA LONGO PRAZO,63990.4730470000,4.3990990000,281500.43,0.07,2565232120.66,0.01
29131075000193,RJ,Maricá,1,2025,Renda Fixa,Fundo/Classe de Investimento - 100% Títulos Públicos SELIC - Art. 7º  I  b,100,11328882000135,BB PREVIDENCIARIO RENDA FIXA IRF-M1 TITULOS PUBLICOS FUNDO DE INVESTIMENTO EM COTAS DE FUNDO DE INVESTIMENTO,4496550.7543862500,3.8997662420,17535496.84,4.11,8531806470.21,0.21
29131075000193,RJ,Maricá,1,2025,Renda Fixa,Fundo/Classe de Investimento em Renda Fixa - Geral - Art. 7º  III  a,60,35292588000189,BB  PREVIDENCIARIO  RENDA  FIXA  ALOCACAO  ATIVA  RETORNO  TOTAL  FUNDO  DE  INVESTIMENTO EM COTAS  DE FUNDOS DE INVESTIMENTO,0.0001234520,1.4747280620,0.0,0.00,5181773678.22,0.00
29131075000193,RJ,Maricá,5,2025,Investimentos Estruturados,Fundo/Classe de Investimento Multimercado FIM - Art. 10  I,10,08070841000187,CAIXA ALOCAÇÃO MACRO FIC MULTIMERCADO LP,618610.4912240000,4.8987500000,3030418.14,0.63,909712419.62,0.33
29131075000193,RJ,Maricá,4,2025,Disponibilidades Financeiras,,,8906/31126-4,341 - Itaú Unibanco S.A.,1.0000000000,0.0000000000,0.0,0.00,,
29131075000193,RJ,Maricá,5,2025,Renda Variável,Fundo/Classe de Investimento em Ações - Art. 8º  I,30,29258294000138,BB  ACOES  VALOR FUNDO  DE INVESTIMENTO EM COTAS DE FUNDOS DE INVESTIMENTO EM ACOES,5166351.1565773520,1.6470750710,8509368.2,1.77,621880826.89,1.37
29131075000193,RJ,Maricá,2,2025,Renda Fixa,Fundo/Classe de Investimento em Renda Fixa - Geral - Art. 7º  III  a,60,13077415000105,BB PREVIDENCIARIO  FLUXO  RENDA  FIXA  SIMPLES  FUNDO DE INVESTIMENTO EM COTAS DE FUNDOS  DE INVESTIMENTO,3919039.6635720000,3.0401288200,11914385.43,2.72,4711064854.90,0.25
29131075000193,RJ,Maricá,6,2025,Renda Fixa,Fundo/Classe de Investimento - 100% Títulos Públicos SELIC - Art. 7º  I  b,100,49964637000197,BB PREVIDENCIARIO RENDA FIXA TITULOS PUBLICOS VERTICE ESPECIAL 2027 FIF RESPONSABILIDADE LIMITADA,1565060.6192315290,1.0040660000,1571424.16,0.31,170395968.05,0.92
29131075000193,RJ,Maricá,5,2025,Disponibilidades Financeiras,,,1244/90-5,104 - Caixa Econômica Federal,1.0000000000,7936.2400000000,7936.24,0.00,,
29131075000193,RJ,Maricá,6,2025,Renda Fixa,Fundo/Classe de Investimento - 100% Títulos Públicos SELIC - Art. 7º  I  b,100,11060913000110,FUNDO DE INVESTIMENTO CAIXA BRASIL IMA-B 5 TITULOS PUBLICOS RENDA FIXA LONGO PRAZO,1419857.2437300000,4.6410620000,6589645.5,1.28,5882079728.77,0.11
29131075000193,RJ,Maricá,5,2025,Renda Fixa,Fundo/Classe de Investimento em Renda Fixa - Geral - Art. 7º  III  a,60,13077415000105,BB PREVIDENCIARIO  FLUXO  RENDA  FIXA  SIMPLES  FUNDO DE INVESTIMENTO EM COTAS DE FUNDOS  DE INVESTIMENTO,29891291.5419390000,3.1292122230,93536194.85,19.42,4525393998.58,2.07
29131075000193,RJ,Maricá,2,2025,Renda Fixa,Fundo/Classe de Investimento - 100% Títulos Públicos SELIC - Art. 7º  I  b,100,23215097000155,FUNDO DE INVESTIMENTO EM COTAS DE FUNDOS DE INVESTIMENTO CAIXA BRASIL GESTAO ESTRATEGICA RENDA FIXA,11912780.4885030500,2.0678110000,24633378.53,5.61,3603402390.35,0.68
29131075000193,RJ,Maricá,1,2025,Renda Fixa,Fundo/Classe de Investimento - 100% Títulos Públicos SELIC - Art. 7º  I  b,100,03543447000103,BB PREVIDENCIARIO RENDA FIXA IMA-B 5 LONGO PRAZO FUNDO DE INVESTIMENTO EM COTAS DE FUNDOS DE INVESTIMENTO,1302284.5324787960,28.4560908450,37057926.96,8.69,4149106442.53,0.89
29131075000193,RJ,Maricá,6,2025,Renda Variável,Fundo/Classe de Investimento em Ações - Art. 8º  I,30,15154220000147,FUNDO DE INVESTIMENTO EM ACOES CAIXA SMALL CAPS ATIVO,1605361.4792442820,1.4650320000,2351905.94,0.46,505172872.01,0.47
29131075000193,RJ,Maricá,4,2025,Investimentos Estruturados,Fundo/Classe de Investimento Multimercado FIM - Art. 10  I,10,03737188000143,FUNDO DE INVESTIMENTO CAIXA MULTIMERCADO RV 30 LONGO PRAZO,261535.6822700000,10.5903250000,2769747.87,0.60,339832411.23,0.82
29131075000193,RJ,Maricá,6,2025,Renda Fixa,Fundo/Classe de Investimento - 100% Títulos Públicos SELIC - Art. 7º  I  b,100,11328882000135,BB PREVIDENCIARIO RENDA FIXA IRF-M1 TITULOS PUBLICOS FUNDO DE INVESTIMENTO EM COTAS DE FUNDO DE INVESTIMENTO,4496550.7543862500,4.1096700000,18479339.74,3.60,9402474657.80,0.20
29131075000193,RJ,Maricá,2,2025,Investimentos Estruturados,Fundo/Classe de Investimento Multimercado FIM - Art. 10  I,10,30036235000102,FUNDO DE INVESTIMENTO CAIXA BOLSA AMERICANA MULTIMERCADO LONGO PRAZO,1228160.9947121530,2.7153630000,3334902.92,0.76,2140832727.01,0.16
29131075000193,RJ,Maricá,5,2025,Renda Fixa,Fundo/Classe de Investimento - 100% Títulos Públicos SELIC - Art. 7º  I  b,100,11060913000110,FUNDO DE INVESTIMENTO CAIXA BRASIL IMA-B 5 TITULOS PUBLICOS RENDA FIXA LONGO PRAZO,1419857.2437300000,4.6211880000,6561427.26,1.36,5955272309.13,0.11
29131075000193,RJ,Maricá,3,2025,Renda Fixa,Fundo/Classe de Investimento - 100% Títulos Públicos SELIC - Art. 7º  I  b,100,10740658000193,FUNDO DE INVESTIMENTO CAIXA BRASIL IMA-B TITULOS PUBLICOS RENDA FIXA LONGO PRAZO,63990.4730470000,4.5015030000,288053.31,0.06,2336633554.24,0.01
29131075000193,RJ,Maricá,4,2025,Renda Fixa,Fundo/Classe de Investimento - 100% Títulos Públicos SELIC - Art. 7º  I  b,100,11328882000135,BB PREVIDENCIARIO RENDA FIXA IRF-M1 TITULOS PUBLICOS FUNDO DE INVESTIMENTO EM COTAS DE FUNDO DE INVESTIMENTO,4496550.7543862500,4.0252650590,18099808.64,3.92,9210593528.87,0.20
29131075000193,RJ,Maricá,4,2025,Renda Fixa,Fundo/Classe de Investimento em Renda Fixa - Geral - Art. 7º  III  a,60,13077415000105,BB PREVIDENCIARIO  FLUXO  RENDA  FIXA  SIMPLES  FUNDO DE INVESTIMENTO EM COTAS DE FUNDOS  DE INVESTIMENTO,2884909.4607690000,3.0965138300,8933162.04,1.93,4911669179.07,0.18
29131075000193,RJ,Maricá,1,2025,Investimentos Estruturados,Fundo/Classe de Investimento Multimercado FIM - Art. 10  I,10,03737188000143,FUNDO DE INVESTIMENTO CAIXA MULTIMERCADO RV 30 LONGO PRAZO,261535.6822700000,10.1941300000,2666128.74,0.63,386037798.52,0.69
29131075000193,RJ,Maricá,5,2025,Disponibilidades Financeiras,,,1244/89-1,104 - Caixa Econômica Federal,1.0000000000,6278.0500000000,6278.05,0.00,,
29131075000193,RJ,Maricá,3,2025,Renda Fixa,Fundo/Classe de Investimento em Renda Fixa - Geral - Art. 7º  III  a,60,35292588000189,BB  PREVIDENCIARIO  RENDA  FIXA  ALOCACAO  ATIVA  RETORNO  TOTAL  FUNDO  DE  INVESTIMENTO EM COTAS  DE FUNDOS DE INVESTIMENTO,0.0001234520,1.5038431000,0.0,0.00,4878182880.73,0.00
29131075000193,RJ,Maricá,1,2025,Disponibilidades Financeiras,,,1244/56-5,104 - Caixa Econômica Federal,1.0000000000,209734.7600000000,209734.76,0.05,,
29131075000193,RJ,Maricá,2,2025,Investimentos Estruturados,Fundo/Classe de Investimento Multimercado FIM - Art. 10  I,10,10418362000150,BB PREVIDENCIARIO MULTIMERCADO FUNDO DE INVESTIMENTO LONGO PRAZO,743077.2022400000,4.1609128600,3091879.49,0.70,288239940.76,1.07
29131075000193,RJ,Maricá,2,2025,Renda Variável,Fundo/Classe de Investimento em Ações - Art. 8º  I,30,07882792000114,BB  ACOES  SELECAO FATORIAL FUNDO DE INVESTIMENTO EM COTAS DE FUNDOS DE INVESTIMENTO,1075084.0379293700,2.5030645300,2691004.72,0.61,880220434.69,0.31
29131075000193,RJ,Maricá,2,2025,Renda Variável,Fundo/Classe de Investimento em Ações - Art. 8º  I,30,29258294000138,BB  ACOES  VALOR FUNDO  DE INVESTIMENTO EM COTAS DE FUNDOS DE INVESTIMENTO EM ACOES,5166351.1565773520,1.4756334100,7623640.37,1.74,632075707.68,1.21
29131075000193,RJ,Maricá,4,2025,Renda Variável,Fundo/Classe de Investimento em BDR-Ações - art. 8º  III,30,17502937000168,FUNDO DE INVESTIMENTO EM ACOES CAIXA INSTITUCIONAL BDR NIVEL I,324783.9374855880,8.7040027600,2826920.29,0.61,2231185446.50,0.13
29131075000193,RJ,Maricá,4,2025,Renda Fixa,Fundo/Classe de Investimento - 100% Títulos Públicos SELIC - Art. 7º  I  b,100,07442078000105,BB PREVIDENCIARIO RENDA FIXA IMA-B TITULOS PUBLICOS FUNDO DE INVESTIMENTO,1663814.2962621200,8.1257204490,13519689.85,2.93,2958723811.69,0.46
29131075000193,RJ,Maricá,1,2025,Renda Fixa,Fundo/Classe de Investimento - 100% Títulos Públicos SELIC - Art. 7º  I  b,100,07442078000105,BB PREVIDENCIARIO RENDA FIXA IMA-B TITULOS PUBLICOS FUNDO DE INVESTIMENTO,49368.8182310000,7.7796540190,384072.33,0.09,3269210872.49,0.01
29131075000193,RJ,Maricá,2,2025,Renda Variável,Fundo/Classe de Investimento em Ações - Art. 8º  I,30,24571992000175,ITAU ACOES DUNAMIS FUNDO DE INVESTIMENTO EM COTAS DE FUNDOS DE INVESTIMENTO,89035.2429577640,24.2016470000,2154799.52,0.49,1125842056.52,0.19
29131075000193,RJ,Maricá,3,2025,Renda Fixa,Fundo/Classe de Investimento - 100% Títulos Públicos SELIC - Art. 7º  I  b,100,10740658000193,FUNDO DE INVESTIMENTO CAIXA BRASIL IMA-B TITULOS PUBLICOS RENDA FIXA LONGO PRAZO,928992.9631139400,4.5015030000,4181864.61,0.93,2336633554.24,0.18
29131075000193,RJ,Maricá,2,2025,Disponibilidades Financeiras,,,2280/688105-x,1 - Banco do Brasil S.A.,1.0000000000,0.0000000000,0.0,0.00,,
29131075000193,RJ,Maricá,4,2025,Renda Fixa,Fundo/Classe de Investimento - 100% Títulos Públicos SELIC - Art. 7º  I  b,100,10577519000190,FUNDO DE INVESTIMENTO CAIXA BRASIL IRF-M 1+ TITULOS PÚBLICOS RENDA FIXA LONGO PRAZO,0.0008667090,2.5494560000,0.0,0.00,2662649198.69,0.00
29131075000193,RJ,Maricá,6,2025,Renda Fixa,Fundo/Classe de Investimento em Renda Fixa - Geral - Art. 7º  III  a,60,13077415000105,BB PREVIDENCIARIO  FLUXO  RENDA  FIXA  SIMPLES  FUNDO DE INVESTIMENTO EM COTAS DE FUNDOS  DE INVESTIMENTO,3060041.2750310000,3.1610330000,9672891.45,1.88,4686070040.55,0.21
29131075000193,RJ,Maricá,5,2025,Investimentos Estruturados,Fundo/Classe de Investimento Multimercado FIM - Art. 10  I,10,03737188000143,FUNDO DE INVESTIMENTO CAIXA MULTIMERCADO RV 30 LONGO PRAZO,261535.6822700000,10.7252680000,2805040.28,0.58,329046741.38,0.85
29131075000193,RJ,Maricá,2,2025,Renda Fixa,Fundo/Classe de Investimento - 100% Títulos Públicos SELIC - Art. 7º  I  b,100,11060913000110,FUNDO DE INVESTIMENTO CAIXA BRASIL IMA-B 5 TITULOS PUBLICOS RENDA FIXA LONGO PRAZO,1691.0233180000,4.4904010000,7593.37,0.00,5990578271.77,0.00
29131075000193,RJ,Maricá,6,2025,Renda Variável,Fundo/Classe de Investimento em BDR-Ações - art. 8º  III,30,17502937000168,FUNDO DE INVESTIMENTO EM ACOES CAIXA INSTITUCIONAL BDR NIVEL I,324783.9374855880,9.4891560000,3081925.45,0.60,2293022777.73,0.13
29131075000193,RJ,Maricá,5,2025,Renda Fixa,Fundo/Classe de Investimento - 100% Títulos Públicos SELIC - Art. 7º  I  b,100,11060913000110,FUNDO DE INVESTIMENTO CAIXA BRASIL IMA-B 5 TITULOS PUBLICOS RENDA FIXA LONGO PRAZO,1691.0233180000,4.6211880000,7814.54,0.00,5955272309.13,0.00
29131075000193,RJ,Maricá,1,2025,Renda Fixa,Ativos de Renda Fixa Emitidos por Instituições Financeiras - Art. 7º  IV,20,,etra Financeira Santander,1.0000000000,22393836.4300000000,22393836.43,5.25,0.00,0.00
29131075000193,RJ,Maricá,3,2025,Renda Fixa,Fundo/Classe de Investimento - 100% Títulos Públicos SELIC - Art. 7º  I  b,100,07442078000105,BB PREVIDENCIARIO RENDA FIXA IMA-B TITULOS PUBLICOS FUNDO DE INVESTIMENTO,0.0004323710,7.9611891220,0.0,0.00,2993964522.88,0.00
29131075000193,RJ,Maricá,6,2025,Renda Variável,Fundo/Classe de Investimento em Ações - Art. 8º  I,30,14213331000114,BB DIVIDENDOS MIDCAPS FIC ACOES,3034636.3888407710,3.0517500000,9260951.6,1.80,793463608.81,1.17
29131075000193,RJ,Maricá,2,2025,Investimentos Estruturados,Fundo/Classe de Investimento Multimercado FIM - Art. 10  I,10,03737188000143,FUNDO DE INVESTIMENTO CAIXA MULTIMERCADO RV 30 LONGO PRAZO,261535.6822700000,10.1898980000,2665021.93,0.61,365660862.85,0.73
29131075000193,RJ,Maricá,1,2025,Disponibilidades Financeiras,,,2280/688105-x,1 - Banco do Brasil S.A.,1.0000000000,0.0000000000,0.0,0.00,,
29131075000193,RJ,Maricá,4,2025,Renda Fixa,Ativos de Renda Fixa Emitidos por Instituições Financeiras - Art. 7º  IV,20,,etra Financeira Santander,1.0000000000,23138515.0600000000,23138515.06,5.01,0.00,0.00
29131075000193,RJ,Maricá,5,2025,Renda Fixa,Fundo/Classe de Investimento - 100% Títulos Públicos SELIC - Art. 7º  I  b,100,23215097000155,FUNDO DE INVESTIMENTO EM COTAS DE FUNDOS DE INVESTIMENTO CAIXA BRASIL GESTAO ESTRATEGICA RENDA FIXA,11912780.4885030500,2.1332690000,25413165.32,5.28,3318084913.22,0.77
29131075000193,RJ,Maricá,6,2025,Disponibilidades Financeiras,,,2280/32995-9,1 - Banco do Brasil S.A.,1.0000000000,0.0000000000,0.0,0.00,,
29131075000193,RJ,Maricá,3,2025,Investimentos Estruturados,Fundo/Classe de Investimento Multimercado FIM - Art. 10  I,10,03737188000143,FUNDO DE INVESTIMENTO CAIXA MULTIMERCADO RV 30 LONGO PRAZO,261535.6822700000,10.4113370000,2722936.13,0.61,346996634.07,0.78
29131075000193,RJ,Maricá,4,2025,Disponibilidades Financeiras,,,2280/32995-9,1 - Banco do Brasil S.A.,1.0000000000,0.0000000000,0.0,0.00,,
29131075000193,RJ,Maricá,3,2025,Renda Fixa,Fundo/Classe de Investimento - 100% Títulos Públicos SELIC - Art. 7º  I  b,100,03543447000103,BB PREVIDENCIARIO RENDA FIXA IMA-B 5 LONGO PRAZO FUNDO DE INVESTIMENTO EM COTAS DE FUNDOS DE INVESTIMENTO,1302284.5324787960,28.7886095370,37490960.91,8.38,4015056024.79,0.93
29131075000193,RJ,Maricá,6,2025,Renda Fixa,Fundo/Classe de Investimento - 100% Títulos Públicos SELIC - Art. 7º  I  b,100,13322205000135,BB PREVIDENCIARIO RENDA FIXA IDKA 2 TITULOS PUBLICOS FUNDO DE INVESTIMENTO,15665070.5196953330,4.1376890000,64817189.97,12.63,4353531876.92,1.49
29131075000193,RJ,Maricá,1,2025,Renda Fixa,Fundo/Classe de Investimento - 100% Títulos Públicos SELIC - Art. 7º  I  b,100,10740658000193,FUNDO DE INVESTIMENTO CAIXA BRASIL IMA-B TITULOS PUBLICOS RENDA FIXA LONGO PRAZO,1027.5622510000,4.3990990000,4520.35,0.00,2565232120.66,0.00
29131075000193,RJ,Maricá,1,2025,Disponibilidades Financeiras,,,8906/31126-4,341 - Itaú Unibanco S.A.,1.0000000000,0.0000000000,0.0,0.00,,
29131075000193,RJ,Maricá,2,2025,Renda Fixa,Fundo/Classe de Investimento - 100% Títulos Públicos SELIC - Art. 7º  I  b,100,10740658000193,FUNDO DE INVESTIMENTO CAIXA BRASIL IMA-B TITULOS PUBLICOS RENDA FIXA LONGO PRAZO,1027.5622510000,4.4205860000,4542.43,0.00,2366557811.48,0.00
29131075000193,RJ,Maricá,6,2025,Renda Variável,Fundo/Classe de Investimento em Ações - Art. 8º  I,30,24571992000175,ITAU ACOES DUNAMIS FUNDO DE INVESTIMENTO EM COTAS DE FUNDOS DE INVESTIMENTO,89035.2429577640,26.5973880000,2368104.9,0.46,1166977330.98,0.20
29131075000193,RJ,Maricá,1,2025,Disponibilidades Financeiras,,,4439/450000045,33 - Banco Santander (Brasil) S.A.,1.0000000000,62777.3300000000,62777.33,0.01,,
29131075000193,RJ,Maricá,5,2025,Investimentos Estruturados,Fundo/Classe de Investimento Multimercado FIM - Art. 10  I,10,10418362000150,BB PREVIDENCIARIO MULTIMERCADO FUNDO DE INVESTIMENTO LONGO PRAZO,743077.2022400000,4.2730942760,3175238.94,0.66,283187478.07,1.12
29131075000193,RJ,Maricá,3,2025,Renda Fixa,Fundo/Classe de Investimento - 100% Títulos Públicos SELIC - Art. 7º  I  b,100,11060913000110,FUNDO DE INVESTIMENTO CAIXA BRASIL IMA-B 5 TITULOS PUBLICOS RENDA FIXA LONGO PRAZO,1691.0233180000,4.5143350000,7633.85,0.00,5870522862.02,0.00
29131075000193,RJ,Maricá,5,2025,Renda Fixa,Fundo/Classe de Investimento - 100% Títulos Públicos SELIC - Art. 7º  I  b,100,10740670000106,FUNDO DE INVESTIMENTO CAIXA BRASIL IRF-M 1 TITULOS PUBLICOS RENDA FIXA,63044.7556730000,3.9146520000,246798.28,0.05,8668126500.91,0.00
29131075000193,RJ,Maricá,5,2025,Renda Variável,Fundo/Classe de Investimento em BDR-Ações - art. 8º  III,30,17502937000168,FUNDO DE INVESTIMENTO EM ACOES CAIXA INSTITUCIONAL BDR NIVEL I,324783.9374855880,9.3512256800,3037127.9,0.63,2322561243.11,0.13
29131075000193,RJ,Maricá,3,2025,Renda Fixa,Fundo/Classe de Investimento - 100% Títulos Públicos SELIC - Art. 7º  I  b,100,13322205000135,BB PREVIDENCIARIO RENDA FIXA IDKA 2 TITULOS PUBLICOS FUNDO DE INVESTIMENTO,15665070.5196953330,4.0336317620,63187126.0,14.12,4421688635.16,1.43
29131075000193,RJ,Maricá,1,2025,Renda Fixa,Fundo/Classe de Investimento em Renda Fixa - Geral - Art. 7º  III  a,60,13077415000105,BB PREVIDENCIARIO  FLUXO  RENDA  FIXA  SIMPLES  FUNDO DE INVESTIMENTO EM COTAS DE FUNDOS  DE INVESTIMENTO,3625465.7156140000,3.0128768080,10923081.57,2.56,4468412591.20,0.24
29131075000193,RJ,Maricá,1,2025,Renda Fixa,Fundo/Classe de Investimento em Renda Fixa - Geral - Art. 7º  III  a,60,07861554000122,BB PREVIDENCIARIO RENDA FIXA IMA-B FUNDO DE INVESTIMENTO,1468350.1522597210,6.8933520540,10121854.54,2.37,549124034.85,1.84
29131075000193,RJ,Maricá,3,2025,Renda Fixa,Fundo/Classe de Investimento - 100% Títulos Públicos SELIC - Art. 7º  I  b,100,10740670000106,FUNDO DE INVESTIMENTO CAIXA BRASIL IRF-M 1 TITULOS PUBLICOS RENDA FIXA,63044.7556730000,3.8258100000,241197.26,0.05,8290702713.41,0.00
29131075000193,RJ,Maricá,5,2025,Renda Fixa,Fundo/Classe de Investimento - 100% Títulos Públicos SELIC - Art. 7º  I  b,100,10740658000193,FUNDO DE INVESTIMENTO CAIXA BRASIL IMA-B TITULOS PUBLICOS RENDA FIXA LONGO PRAZO,928992.9631139400,4.6718250000,4340092.55,0.90,2354627354.78,0.18
29131075000193,RJ,Maricá,3,2025,Renda Fixa,Fundo/Classe de Investimento em Renda Fixa - Geral - Art. 7º  III  a,60,13077415000105,BB PREVIDENCIARIO  FLUXO  RENDA  FIXA  SIMPLES  FUNDO DE INVESTIMENTO EM COTAS DE FUNDOS  DE INVESTIMENTO,3788021.3057320000,3.0669182790,11617551.78,2.60,4878410152.56,0.24
29131075000193,RJ,Maricá,4,2025,Renda Variável,Fundo/Classe de Investimento em Ações - Art. 8º  I,30,14213331000114,BB DIVIDENDOS MIDCAPS FIC ACOES,3034636.3888407710,2.8864229190,8759244.02,1.90,746962854.63,1.17
29131075000193,RJ,Maricá,4,2025,Renda Variável,Fundo/Classe de Investimento em Ações - Art. 8º  I,30,24571992000175,ITAU ACOES DUNAMIS FUNDO DE INVESTIMENTO EM COTAS DE FUNDOS DE INVESTIMENTO,89035.2429577640,26.1349240000,2326929.31,0.50,1185909733.35,0.20
29131075000193,RJ,Maricá,1,2025,Renda Fixa,Fundo/Classe de Investimento - 100% Títulos Públicos SELIC - Art. 7º  I  b,100,03543447000103,BB PREVIDENCIARIO RENDA FIXA IMA-B 5 LONGO PRAZO FUNDO DE INVESTIMENTO EM COTAS DE FUNDOS DE INVESTIMENTO,301688.8211157720,28.4560908450,8584884.5,2.01,4149106442.53,0.21
29131075000193,RJ,Maricá,5,2025,Disponibilidades Financeiras,,,2280/32995-9,1 - Banco do Brasil S.A.,1.0000000000,0.0000000000,0.0,0.00,,
29131075000193,RJ,Maricá,1,2025,Renda Fixa,Fundo/Classe de Investimento - 100% Títulos Públicos SELIC - Art. 7º  I  b,100,11060913000110,FUNDO DE INVESTIMENTO CAIXA BRASIL IMA-B 5 TITULOS PUBLICOS RENDA FIXA LONGO PRAZO,1419857.2437300000,4.4620160000,6335425.74,1.49,6117661899.67,0.10
29131075000193,RJ,Maricá,4,2025,Renda Fixa,Fundo/Classe de Investimento em Renda Fixa - Geral - Art. 7º  III  a,60,13077415000105,BB PREVIDENCIARIO  FLUXO  RENDA  FIXA  SIMPLES  FUNDO DE INVESTIMENTO EM COTAS DE FUNDOS  DE INVESTIMENTO,4840488.7276270000,3.0965138300,14988640.29,3.24,4911669179.07,0.31
29131075000193,RJ,Maricá,5,2025,Renda Fixa,Fundo/Classe de Investimento - 100% Títulos Públicos SELIC - Art. 7º  I  b,100,03543447000103,BB PREVIDENCIARIO RENDA FIXA IMA-B 5 LONGO PRAZO FUNDO DE INVESTIMENTO EM COTAS DE FUNDOS DE INVESTIMENTO,1302284.5324787960,29.4796289150,38390864.76,7.97,4008316694.85,0.96
29131075000193,RJ,Maricá,6,2025,Renda Fixa,Fundo/Classe de Investimento - 100% Títulos Públicos SELIC - Art. 7º  I  b,100,07442078000105,BB PREVIDENCIARIO RENDA FIXA IMA-B TITULOS PUBLICOS FUNDO DE INVESTIMENTO,5344552.6582769350,8.3679720000,44723067.0,8.71,2529655854.49,1.77
29131075000193,RJ,Maricá,2,2025,Disponibilidades Financeiras,,,4439/450000045,33 - Banco Santander (Brasil) S.A.,1.0000000000,81026.7400000000,81026.74,0.02,,
29131075000193,RJ,Maricá,6,2025,Renda Fixa,Fundo/Classe de Investimento - 100% Títulos Públicos SELIC - Art. 7º  I  b,100,10740670000106,FUNDO DE INVESTIMENTO CAIXA BRASIL IRF-M 1 TITULOS PUBLICOS RENDA FIXA,3017097.5627693940,3.9552030000,11933233.33,2.33,8802049921.20,0.14
29131075000193,RJ,Maricá,4,2025,Renda Fixa,Fundo/Classe de Investimento em Renda Fixa - Geral - Art. 7º  III  a,60,35292588000189,BB  PREVIDENCIARIO  RENDA  FIXA  ALOCACAO  ATIVA  RETORNO  TOTAL  FUNDO  DE  INVESTIMENTO EM COTAS  DE FUNDOS DE INVESTIMENTO,16396545.6755801754,1.5201580010,24925340.1,5.39,4791841508.63,0.52
29131075000193,RJ,Maricá,3,2025,Disponibilidades Financeiras,,,1244/90-5,104 - Caixa Econômica Federal,1.0000000000,7818.1400000000,7818.14,0.00,,
29131075000193,RJ,Maricá,5,2025,Disponibilidades Financeiras,,,4439/450000045,33 - Banco Santander (Brasil) S.A.,1.0000000000,41040.9100000000,41040.91,0.01,,
29131075000193,RJ,Maricá,3,2025,Renda Fixa,Fundo/Classe de Investimento - 100% Títulos Públicos SELIC - Art. 7º  I  b,100,10740670000106,FUNDO DE INVESTIMENTO CAIXA BRASIL IRF-M 1 TITULOS PUBLICOS RENDA FIXA,3017097.5627693940,3.8258100000,11542842.03,2.58,8290702713.41,0.14
29131075000193,RJ,Maricá,1,2025,Renda Variável,Fundo/Classe de Investimento em Ações - Art. 8º  I,30,29258294000138,BB  ACOES  VALOR FUNDO  DE INVESTIMENTO EM COTAS DE FUNDOS DE INVESTIMENTO EM ACOES,5166351.1565773520,1.5534038110,8025429.58,1.88,673880668.90,1.19
29131075000193,RJ,Maricá,6,2025,Renda Fixa,Fundo/Classe de Investimento - 100% Títulos Públicos SELIC - Art. 7º  I  b,100,10740658000193,FUNDO DE INVESTIMENTO CAIXA BRASIL IMA-B TITULOS PUBLICOS RENDA FIXA LONGO PRAZO,63990.4730470000,4.7316280000,302779.11,0.06,2338500539.12,0.01
29131075000193,RJ,Maricá,6,2025,Investimentos Estruturados,Fundo/Classe de Investimento Multimercado FIM - Art. 10  I,10,10418362000150,BB PREVIDENCIARIO MULTIMERCADO FUNDO DE INVESTIMENTO LONGO PRAZO,743077.2022400000,4.3339298530,3220444.47,0.63,267618027.98,1.20
29131075000193,RJ,Maricá,3,2025,Renda Fixa,Fundo/Classe de Investimento em Renda Fixa - Geral - Art. 7º  III  a,60,13077415000105,BB PREVIDENCIARIO  FLUXO  RENDA  FIXA  SIMPLES  FUNDO DE INVESTIMENTO EM COTAS DE FUNDOS  DE INVESTIMENTO,24458969.2170160000,3.0669182790,75013659.78,16.76,4878410152.56,1.54
29131075000193,RJ,Maricá,1,2025,Renda Fixa,Fundo/Classe de Investimento - 100% Títulos Públicos SELIC - Art. 7º  I  b,100,10740670000106,FUNDO DE INVESTIMENTO CAIXA BRASIL IRF-M 1 TITULOS PUBLICOS RENDA FIXA,3017097.5627693940,3.7516610000,11319127.26,2.65,8080611281.78,0.14
29131075000193,RJ,Maricá,2,2025,Disponibilidades Financeiras,,,2280/32995-9,1 - Banco do Brasil S.A.,1.0000000000,0.0000000000,0.0,0.00,,
29131075000193,RJ,Maricá,4,2025,Renda Fixa,Fundo/Classe de Investimento - 100% Títulos Públicos SELIC - Art. 7º  I  b,100,10740670000106,FUNDO DE INVESTIMENTO CAIXA BRASIL IRF-M 1 TITULOS PUBLICOS RENDA FIXA,63044.7556730000,3.8734440000,244200.33,0.05,8410626309.55,0.00
29131075000193,RJ,Maricá,1,2025,Renda Fixa,Fundo/Classe de Investimento - 100% Títulos Públicos SELIC - Art. 7º  I  b,100,10740658000193,FUNDO DE INVESTIMENTO CAIXA BRASIL IMA-B TITULOS PUBLICOS RENDA FIXA LONGO PRAZO,928992.9631139400,4.3990990000,4086732.02,0.96,2565232120.66,0.16
29131075000193,RJ,Maricá,3,2025,Disponibilidades Financeiras,,,8906/31126-4,341 - Itaú Unibanco S.A.,1.0000000000,0.0000000000,0.0,0.00,,
29131075000193,RJ,Maricá,6,2025,Disponibilidades Financeiras,,,4439/450000045,33 - Banco Santander (Brasil) S.A.,1.0000000000,41040.9100000000,41040.91,0.01,,
29131075000193,RJ,Maricá,6,2025,Renda Fixa,Fundo/Classe de Investimento - 100% Títulos Públicos SELIC - Art. 7º  I  b,100,11060913000110,FUNDO DE INVESTIMENTO CAIXA BRASIL IMA-B 5 TITULOS PUBLICOS RENDA FIXA LONGO PRAZO,37573.7163230000,4.6410620000,174381.95,0.03,5882079728.77,0.00
29131075000193,RJ,Maricá,1,2025,Disponibilidades Financeiras,,,1244/89-1,104 - Caixa Econômica Federal,1.0000000000,4478.4500000000,4478.45,0.00,,
29131075000193,RJ,Maricá,5,2025,Renda Fixa,Fundo/Classe de Investimento - 100% Títulos Públicos SELIC - Art. 7º  I  b,100,10740670000106,FUNDO DE INVESTIMENTO CAIXA BRASIL IRF-M 1 TITULOS PUBLICOS RENDA FIXA,3017097.5627693940,3.9146520000,11810887.01,2.45,8668126500.91,0.14
29131075000193,RJ,Maricá,1,2025,Renda Variável,Fundo/Classe de Investimento em Ações - Art. 8º  I,30,24571992000175,ITAU ACOES DUNAMIS FUNDO DE INVESTIMENTO EM COTAS DE FUNDOS DE INVESTIMENTO,89035.2429577640,25.7607260000,2293612.5,0.54,1213670119.30,0.19
29131075000193,RJ,Maricá,4,2025,Renda Fixa,Fundo/Classe de Investimento - 100% Títulos Públicos SELIC - Art. 7º  I  b,100,11060913000110,FUNDO DE INVESTIMENTO CAIXA BRASIL IMA-B 5 TITULOS PUBLICOS RENDA FIXA LONGO PRAZO,37573.7163230000,4.5931560000,172581.94,0.04,5901283588.37,0.00
29131075000193,RJ,Maricá,3,2025,Renda Fixa,Fundo/Classe de Investimento - 100% Títulos Públicos SELIC - Art. 7º  I  b,100,11060913000110,FUNDO DE INVESTIMENTO CAIXA BRASIL IMA-B 5 TITULOS PUBLICOS RENDA FIXA LONGO PRAZO,1419857.2437300000,4.5143350000,6409711.25,1.43,5870522862.02,0.11
29131075000193,RJ,Maricá,4,2025,Renda Fixa,Fundo/Classe de Investimento - 100% Títulos Públicos SELIC - Art. 7º  I  b,100,03543447000103,BB PREVIDENCIARIO RENDA FIXA IMA-B 5 LONGO PRAZO FUNDO DE INVESTIMENTO EM COTAS DE FUNDOS DE INVESTIMENTO,301688.8211157720,29.2909617560,8836755.72,1.91,3983369670.53,0.22
29131075000193,RJ,Maricá,4,2025,Renda Fixa,Fundo/Classe de Investimento em Renda Fixa - Geral - Art. 7º  III  a,60,13077415000105,BB PREVIDENCIARIO  FLUXO  RENDA  FIXA  SIMPLES  FUNDO DE INVESTIMENTO EM COTAS DE FUNDOS  DE INVESTIMENTO,26022789.4036650000,3.0965138300,80579927.28,17.44,4911669179.07,1.64
29131075000193,RJ,Maricá,6,2025,Renda Fixa,Fundo/Classe de Investimento - 100% Títulos Públicos SELIC - Art. 7º  I  b,100,10740658000193,FUNDO DE INVESTIMENTO CAIXA BRASIL IMA-B TITULOS PUBLICOS RENDA FIXA LONGO PRAZO,1027.5622510000,4.7316280000,4862.04,0.00,2338500539.12,0.00
29131075000193,RJ,Maricá,1,2025,Renda Fixa,Fundo/Classe de Investimento - 100% Títulos Públicos SELIC - Art. 7º  I  b,100,10740670000106,FUNDO DE INVESTIMENTO CAIXA BRASIL IRF-M 1 TITULOS PUBLICOS RENDA FIXA,63044.7556730000,3.7516610000,236522.55,0.06,8080611281.78,0.00
29131075000193,RJ,Maricá,6,2025,Renda Fixa,Fundo/Classe de Investimento em Renda Fixa - Geral - Art. 7º  III  a,60,35292588000189,BB  PREVIDENCIARIO  RENDA  FIXA  ALOCACAO  ATIVA  RETORNO  TOTAL  FUNDO  DE  INVESTIMENTO EM COTAS  DE FUNDOS DE INVESTIMENTO,26252804.0779527354,1.5519620000,40743354.32,7.94,4689015290.65,0.87
29131075000193,RJ,Maricá,2,2025,Renda Fixa,Fundo/Classe de Investimento em Renda Fixa - Geral - Art. 7º  III  a,60,35292588000189,BB  PREVIDENCIARIO  RENDA  FIXA  ALOCACAO  ATIVA  RETORNO  TOTAL  FUNDO  DE  INVESTIMENTO EM COTAS  DE FUNDOS DE INVESTIMENTO,16396545.6755801754,1.4887373600,24410150.12,5.56,5045385520.27,0.48
29131075000193,RJ,Maricá,1,2025,Investimentos Estruturados,Fundo/Classe de Investimento Multimercado FIM - Art. 10  I,10,34660276000118,FUNDO DE INVESTIMENTO EM COTAS DE FUNDOS DE INVESTIMENTO CAIXA BRASIL ESTRATEGIA LIVRE MULTIMERCADO LONGO PRAZO,3103.8308373650,1324.8197420000,4112016.37,0.96,159141650.28,2.58
29131075000193,RJ,Maricá,5,2025,Renda Fixa,Fundo/Classe de Investimento - 100% Títulos Públicos SELIC - Art. 7º  I  b,100,07442078000105,BB PREVIDENCIARIO RENDA FIXA IMA-B TITULOS PUBLICOS FUNDO DE INVESTIMENTO,0.0004323710,8.2649206210,0.0,0.00,2924383209.55,0.00
29131075000193,RJ,Maricá,2,2025,Renda Fixa,Ativos de Renda Fixa Emitidos por Instituições Financeiras - Art. 7º  IV,20,,etra Financeira Santander,1.0000000000,22609023.9000000000,22609023.9,5.15,0.00,0.00
29131075000193,RJ,Maricá,1,2025,Disponibilidades Financeiras,,,1244/90-5,104 - Caixa Econômica Federal,1.0000000000,9660.4100000000,9660.41,0.00,,
29131075000193,RJ,Maricá,4,2025,Renda Variável,Fundo/Classe de Investimento em Ações - Art. 8º  I,30,15154220000147,FUNDO DE INVESTIMENTO EM ACOES CAIXA SMALL CAPS ATIVO,1605361.4792442820,1.3759880000,2208958.13,0.48,493090858.79,0.45
29131075000193,RJ,Maricá,1,2025,Renda Variável,Fundo/Classe de Investimento em Ações - Art. 8º  I,30,14213331000114,BB DIVIDENDOS MIDCAPS FIC ACOES,3034636.3888407710,2.6842065040,8145590.73,1.91,725734771.30,1.12
29131075000193,RJ,Maricá,6,2025,Investimentos Estruturados,Fundo/Classe de Investimento Multimercado FIM - Art. 10  I,10,08070841000187,CAIXA ALOCAÇÃO MACRO FIC MULTIMERCADO LP,618610.4912240000,4.9585660000,3067420.95,0.60,898232832.82,0.34
29131075000193,RJ,Maricá,2,2025,Renda Fixa,Fundo/Classe de Investimento em Renda Fixa - Geral - Art. 7º  III  a,60,13077415000105,BB PREVIDENCIARIO  FLUXO  RENDA  FIXA  SIMPLES  FUNDO DE INVESTIMENTO EM COTAS DE FUNDOS  DE INVESTIMENTO,3488507.5915070000,3.0401288200,10605512.47,2.42,4711064854.90,0.23
29131075000193,RJ,Maricá,4,2025,Renda Fixa,Fundo/Classe de Investimento - 100% Títulos Públicos SELIC - Art. 7º  I  b,100,03543447000103,BB PREVIDENCIARIO RENDA FIXA IMA-B 5 LONGO PRAZO FUNDO DE INVESTIMENTO EM COTAS DE FUNDOS DE INVESTIMENTO,1302284.5324787960,29.2909617560,38145166.44,8.26,3983369670.53,0.96
29131075000193,RJ,Maricá,1,2025,Renda Fixa,Fundo/Classe de Investimento em Renda Fixa - Geral - Art. 7º  III  a,60,13077418000149,BB PREVIDENCIARIO RENDA FIXA REFERENCIADO DI LONGO PRAZO PERFIL FUNDO DE INVESTIMENTO EM COTAS DE FUNDOS DE INVESTIMENTO,15289199.2876935540,3.4336706700,52498075.16,12.31,20658129061.16,0.25
29131075000193,RJ,Maricá,1,2025,Renda Fixa,Fundo/Classe de Investimento em Renda Fixa - Geral - Art. 7º  III  a,60,13077415000105,BB PREVIDENCIARIO  FLUXO  RENDA  FIXA  SIMPLES  FUNDO DE INVESTIMENTO EM COTAS DE FUNDOS  DE INVESTIMENTO,2900094.1748920000,3.0128768080,8737626.48,2.05,4468412591.20,0.20
29131075000193,RJ,Maricá,6,2025,Investimentos Estruturados,Fundo/Classe de Investimento Multimercado FIM - Art. 10  I,10,30036235000102,FUNDO DE INVESTIMENTO CAIXA BOLSA AMERICANA MULTIMERCADO LONGO PRAZO,1228160.9947121530,2.8924380000,3552379.53,0.69,1873444192.01,0.19
29131075000193,RJ,Maricá,4,2025,Renda Fixa,Fundo/Classe de Investimento - 100% Títulos Públicos SELIC - Art. 7º  I  b,100,10740658000193,FUNDO DE INVESTIMENTO CAIXA BRASIL IMA-B TITULOS PUBLICOS RENDA FIXA LONGO PRAZO,928992.9631139400,4.5949770000,4268701.3,0.92,2346827165.95,0.18
29131075000193,RJ,Maricá,2,2025,Renda Fixa,Fundo/Classe de Investimento - 100% Títulos Públicos SELIC - Art. 7º  I  b,100,07442078000105,BB PREVIDENCIARIO RENDA FIXA IMA-B TITULOS PUBLICOS FUNDO DE INVESTIMENTO,1663814.2962621200,7.8181628300,13007971.09,2.96,3032892573.46,0.43
29131075000193,RJ,Maricá,2,2025,Renda Fixa,Fundo/Classe de Investimento - 100% Títulos Públicos SELIC - Art. 7º  I  b,100,03543447000103,BB PREVIDENCIARIO RENDA FIXA IMA-B 5 LONGO PRAZO FUNDO DE INVESTIMENTO EM COTAS DE FUNDOS DE INVESTIMENTO,1302284.5324787960,28.6386948600,37295729.35,8.50,4030808911.50,0.93
29131075000193,RJ,Maricá,2,2025,Renda Fixa,Fundo/Classe de Investimento - 100% Títulos Públicos SELIC - Art. 7º  I  b,100,03543447000103,BB PREVIDENCIARIO RENDA FIXA IMA-B 5 LONGO PRAZO FUNDO DE INVESTIMENTO EM COTAS DE FUNDOS DE INVESTIMENTO,301688.8211157720,28.6386948600,8639974.09,1.97,4030808911.50,0.21
29131075000193,RJ,Maricá,2,2025,Renda Fixa,Fundo/Classe de Investimento - 100% Títulos Públicos SELIC - Art. 7º  I  b,100,10740670000106,FUNDO DE INVESTIMENTO CAIXA BRASIL IRF-M 1 TITULOS PUBLICOS RENDA FIXA,3017097.5627693940,3.7890930000,11432063.26,2.61,8210316090.70,0.14
29131075000193,RJ,Maricá,2,2025,Disponibilidades Financeiras,,,1244/56-5,104 - Caixa Econômica Federal,1.0000000000,210791.5600000000,210791.56,0.05,,
29131075000193,RJ,Maricá,2,2025,Renda Fixa,Fundo/Classe de Investimento em Renda Fixa - Geral - Art. 7º  III  a,60,35292588000189,BB  PREVIDENCIARIO  RENDA  FIXA  ALOCACAO  ATIVA  RETORNO  TOTAL  FUNDO  DE  INVESTIMENTO EM COTAS  DE FUNDOS DE INVESTIMENTO,0.0001234520,1.4887373600,0.0,0.00,5045385520.27,0.00
29131075000193,RJ,Maricá,3,2025,Renda Fixa,Fundo/Classe de Investimento - 100% Títulos Públicos SELIC - Art. 7º  I  b,100,11060913000110,FUNDO DE INVESTIMENTO CAIXA BRASIL IMA-B 5 TITULOS PUBLICOS RENDA FIXA LONGO PRAZO,37573.7163230000,4.5143350000,169620.34,0.04,5870522862.02,0.00
29131075000193,RJ,Maricá,3,2025,Investimentos Estruturados,Fundo/Classe de Investimento Multimercado FIM - Art. 10  I,10,10418362000150,BB PREVIDENCIARIO MULTIMERCADO FUNDO DE INVESTIMENTO LONGO PRAZO,743077.2022400000,4.1919946700,3114975.67,0.70,289564610.11,1.08
29131075000193,RJ,Maricá,6,2025,Renda Fixa,Fundo/Classe de Investimento - 100% Títulos Públicos SELIC - Art. 7º  I  b,100,10577519000190,FUNDO DE INVESTIMENTO CAIXA BRASIL IRF-M 1+ TITULOS PÚBLICOS RENDA FIXA LONGO PRAZO,0.0008667090,2.5494560000,0.0,0.00,2662649198.69,0.00
29131075000193,RJ,Maricá,4,2025,Renda Fixa,Fundo/Classe de Investimento em Renda Fixa - Geral - Art. 7º  III  a,60,35292588000189,BB  PREVIDENCIARIO  RENDA  FIXA  ALOCACAO  ATIVA  RETORNO  TOTAL  FUNDO  DE  INVESTIMENTO EM COTAS  DE FUNDOS DE INVESTIMENTO,0.0001234520,1.5201580010,0.0,0.00,4791841508.63,0.00
29131075000193,RJ,Maricá,2,2025,Renda Fixa,Fundo/Classe de Investimento - 100% Títulos Públicos SELIC - Art. 7º  I  b,100,11060913000110,FUNDO DE INVESTIMENTO CAIXA BRASIL IMA-B 5 TITULOS PUBLICOS RENDA FIXA LONGO PRAZO,1419857.2437300000,4.4904010000,6375728.39,1.45,5990578271.77,0.11
29131075000193,RJ,Maricá,4,2025,Disponibilidades Financeiras,,,2280/688105-x,1 - Banco do Brasil S.A.,1.0000000000,0.0000000000,0.0,0.00,,
29131075000193,RJ,Maricá,2,2025,Renda Variável,Fundo/Classe de Investimento em Ações - Art. 8º  I,30,15154220000147,FUNDO DE INVESTIMENTO EM ACOES CAIXA SMALL CAPS ATIVO,1605361.4792442820,1.2071460000,1937905.69,0.44,476990371.22,0.41
29131075000193,RJ,Maricá,1,2025,Investimentos Estruturados,Fundo/Classe de Investimento Multimercado FIM - Art. 10  I,10,08070841000187,CAIXA ALOCAÇÃO MACRO FIC MULTIMERCADO LP,618610.4912240000,4.7190270000,2919239.61,0.68,988152877.92,0.30
29131075000193,RJ,Maricá,2,2025,Renda Fixa,Fundo/Classe de Investimento em Renda Fixa - Geral - Art. 7º  III  a,60,07861554000122,BB PREVIDENCIARIO RENDA FIXA IMA-B FUNDO DE INVESTIMENTO,1468350.1522597210,6.9289124600,10174069.67,2.32,499629129.87,2.04
29131075000193,RJ,Maricá,5,2025,Investimentos Estruturados,Fundo/Classe de Investimento Multimercado FIM - Art. 10  I,10,30036235000102,FUNDO DE INVESTIMENTO CAIXA BOLSA AMERICANA MULTIMERCADO LONGO PRAZO,1228160.9947121530,2.7359670000,3360207.95,0.70,1821555423.12,0.18
29131075000193,RJ,Maricá,4,2025,Renda Fixa,Fundo/Classe de Investimento - 100% Títulos Públicos SELIC - Art. 7º  I  b,100,10740658000193,FUNDO DE INVESTIMENTO CAIXA BRASIL IMA-B TITULOS PUBLICOS RENDA FIXA LONGO PRAZO,1027.5622510000,4.5949770000,4721.62,0.00,2346827165.95,0.00
29131075000193,RJ,Maricá,5,2025,Disponibilidades Financeiras,,,1244/56-5,104 - Caixa Econômica Federal,1.0000000000,211031.6400000000,211031.64,0.04,,
29131075000193,RJ,Maricá,2,2025,Renda Fixa,Fundo/Classe de Investimento - 100% Títulos Públicos SELIC - Art. 7º  I  b,100,10740658000193,FUNDO DE INVESTIMENTO CAIXA BRASIL IMA-B TITULOS PUBLICOS RENDA FIXA LONGO PRAZO,928992.9631139400,4.4205860000,4106693.29,0.94,2366557811.48,0.17
29131075000193,RJ,Maricá,4,2025,Renda Fixa,Fundo/Classe de Investimento - 100% Títulos Públicos SELIC - Art. 7º  I  b,100,11328882000135,BB PREVIDENCIARIO RENDA FIXA IRF-M1 TITULOS PUBLICOS FUNDO DE INVESTIMENTO EM COTAS DE FUNDO DE INVESTIMENTO,2319305.4661803530,4.0252650590,9335819.25,2.02,9210593528.87,0.10
29131075000193,RJ,Maricá,2,2025,Renda Fixa,Fundo/Classe de Investimento em Renda Fixa - Geral - Art. 7º  III  a,60,13077418000149,BB PREVIDENCIARIO RENDA FIXA REFERENCIADO DI LONGO PRAZO PERFIL FUNDO DE INVESTIMENTO EM COTAS DE FUNDOS DE INVESTIMENTO,15289199.2876935540,3.4679944500,53022858.27,12.09,21522738493.95,0.25
29131075000193,RJ,Maricá,4,2025,Renda Variável,Fundo/Classe de Investimento em Ações - Art. 8º  I,30,29258294000138,BB  ACOES  VALOR FUNDO  DE INVESTIMENTO EM COTAS DE FUNDOS DE INVESTIMENTO EM ACOES,5166351.1565773520,1.6020308450,8276653.91,1.79,631705399.24,1.31
29131075000193,RJ,Maricá,6,2025,Renda Fixa,Fundo/Classe de Investimento - 100% Títulos Públicos SELIC - Art. 7º  I  b,100,03543447000103,BB PREVIDENCIARIO RENDA FIXA IMA-B 5 LONGO PRAZO FUNDO DE INVESTIMENTO EM COTAS DE FUNDOS DE INVESTIMENTO,539152.3466249650,29.6055630000,15961908.76,3.11,3939047508.98,0.41
29131075000193,RJ,Maricá,3,2025,Renda Fixa,Fundo/Classe de Investimento - 100% Títulos Públicos SELIC - Art. 7º  I  b,100,10577519000190,FUNDO DE INVESTIMENTO CAIXA BRASIL IRF-M 1+ TITULOS PÚBLICOS RENDA FIXA LONGO PRAZO,0.0008667090,2.5494560000,0.0,0.00,2662649198.69,0.00
29131075000193,RJ,Maricá,3,2025,Renda Variável,Fundo/Classe de Investimento em Ações - Art. 8º  I,30,07882792000114,BB  ACOES  SELECAO FATORIAL FUNDO DE INVESTIMENTO EM COTAS DE FUNDOS DE INVESTIMENTO,1075084.0379293700,2.5419098100,2732766.66,0.61,887619941.82,0.31
29131075000193,RJ,Maricá,5,2025,Investimentos Estruturados,Fundo/Classe de Investimento Multimercado FIM - Art. 10  I,10,34660276000118,FUNDO DE INVESTIMENTO EM COTAS DE FUNDOS DE INVESTIMENTO CAIXA BRASIL ESTRATEGIA LIVRE MULTIMERCADO LONGO PRAZO,3103.8308373650,1371.4405420000,4256719.45,0.88,131502878.60,3.24
29131075000193,RJ,Maricá,1,2025,Renda Variável,Fundo/Classe de Investimento em Ações - Art. 8º  I,30,15154220000147,FUNDO DE INVESTIMENTO EM ACOES CAIXA SMALL CAPS ATIVO,1605361.4792442820,1.2530440000,2011588.57,0.47,498868195.76,0.40
29131075000193,RJ,Maricá,6,2025,Renda Fixa,Fundo/Classe de Investimento em Renda Fixa - Geral - Art. 7º  III  a,60,13077415000105,BB PREVIDENCIARIO  FLUXO  RENDA  FIXA  SIMPLES  FUNDO DE INVESTIMENTO EM COTAS DE FUNDOS  DE INVESTIMENTO,3293736.8632940000,3.1610330000,10411610.92,2.03,4686070040.55,0.22
29131075000193,RJ,Maricá,3,2025,Renda Fixa,Fundo/Classe de Investimento em Renda Fixa - Geral - Art. 7º  III  a,60,35292588000189,BB  PREVIDENCIARIO  RENDA  FIXA  ALOCACAO  ATIVA  RETORNO  TOTAL  FUNDO  DE  INVESTIMENTO EM COTAS  DE FUNDOS DE INVESTIMENTO,16396545.6755801754,1.5038431000,24657832.08,5.51,4878182880.73,0.51
29131075000193,RJ,Maricá,5,2025,Renda Fixa,Fundo/Classe de Investimento - 100% Títulos Públicos SELIC - Art. 7º  I  b,100,11328882000135,BB PREVIDENCIARIO RENDA FIXA IRF-M1 TITULOS PUBLICOS FUNDO DE INVESTIMENTO EM COTAS DE FUNDO DE INVESTIMENTO,2319305.4661803530,4.0676624640,9434151.79,1.96,9348920234.27,0.10
29131075000193,RJ,Maricá,4,2025,Renda Fixa,Fundo/Classe de Investimento - 100% Títulos Públicos SELIC - Art. 7º  I  b,100,13322205000135,BB PREVIDENCIARIO RENDA FIXA IDKA 2 TITULOS PUBLICOS FUNDO DE INVESTIMENTO,15665070.5196953330,4.1035557890,64282490.82,13.91,4402966478.27,1.46
29131075000193,RJ,Maricá,4,2025,Renda Fixa,Fundo/Classe de Investimento - 100% Títulos Públicos SELIC - Art. 7º  I  b,100,10740658000193,FUNDO DE INVESTIMENTO CAIXA BRASIL IMA-B TITULOS PUBLICOS RENDA FIXA LONGO PRAZO,63990.4730470000,4.5949770000,294034.75,0.06,2346827165.95,0.01
29131075000193,RJ,Maricá,4,2025,Renda Fixa,Fundo/Classe de Investimento - 100% Títulos Públicos SELIC - Art. 7º  I  b,100,07442078000105,BB PREVIDENCIARIO RENDA FIXA IMA-B TITULOS PUBLICOS FUNDO DE INVESTIMENTO,49368.8182310000,8.1257204490,401157.22,0.09,2958723811.69,0.01
29131075000193,RJ,Maricá,6,2025,Renda Fixa,Fundo/Classe de Investimento - 100% Títulos Públicos SELIC - Art. 7º  I  b,100,10740658000193,FUNDO DE INVESTIMENTO CAIXA BRASIL IMA-B TITULOS PUBLICOS RENDA FIXA LONGO PRAZO,928992.9631139400,4.7316280000,4395649.12,0.86,2338500539.12,0.19
29131075000193,RJ,Maricá,3,2025,Disponibilidades Financeiras,,,4439/450000045,33 - Banco Santander (Brasil) S.A.,1.0000000000,66346.5400000000,66346.54,0.01,,
29131075000193,RJ,Maricá,5,2025,Renda Fixa,Fundo/Classe de Investimento em Renda Fixa - Geral - Art. 7º  III  a,60,13077415000105,BB PREVIDENCIARIO  FLUXO  RENDA  FIXA  SIMPLES  FUNDO DE INVESTIMENTO EM COTAS DE FUNDOS  DE INVESTIMENTO,3278407.0369290000,3.1292122230,10258831.37,2.13,4525393998.58,0.23
29131075000193,RJ,Maricá,1,2025,Renda Fixa,Fundo/Classe de Investimento - 100% Títulos Públicos SELIC - Art. 7º  I  b,100,11060913000110,FUNDO DE INVESTIMENTO CAIXA BRASIL IMA-B 5 TITULOS PUBLICOS RENDA FIXA LONGO PRAZO,1691.0233180000,4.4620160000,7545.37,0.00,6117661899.67,0.00
29131075000193,RJ,Maricá,6,2025,Renda Fixa,Fundo/Classe de Investimento - 100% Títulos Públicos SELIC - Art. 7º  I  b,100,11060913000110,FUNDO DE INVESTIMENTO CAIXA BRASIL IMA-B 5 TITULOS PUBLICOS RENDA FIXA LONGO PRAZO,1691.0233180000,4.6410620000,7848.14,0.00,5882079728.77,0.00
29131075000193,RJ,Maricá,6,2025,Disponibilidades Financeiras,,,1244/56-5,104 - Caixa Econômica Federal,1.0000000000,211031.6400000000,211031.64,0.04,,
29131075000193,RJ,Maricá,3,2025,Renda Fixa,Fundo/Classe de Investimento - 100% Títulos Públicos SELIC - Art. 7º  I  b,100,07442078000105,BB PREVIDENCIARIO RENDA FIXA IMA-B TITULOS PUBLICOS FUNDO DE INVESTIMENTO,49368.8182310000,7.9611891220,393034.5,0.09,2993964522.88,0.01
29131075000193,RJ,Maricá,6,2025,Investimentos Estruturados,Fundo/Classe de Investimento Multimercado FIM - Art. 10  I,10,34660276000118,FUNDO DE INVESTIMENTO EM COTAS DE FUNDOS DE INVESTIMENTO CAIXA BRASIL ESTRATEGIA LIVRE MULTIMERCADO LONGO PRAZO,3103.8308373650,1387.4709000000,4306474.97,0.84,130127109.01,3.31
29131075000193,RJ,Maricá,1,2025,Renda Fixa,Fundo/Classe de Investimento - 100% Títulos Públicos SELIC - Art. 7º  I  b,100,07442078000105,BB PREVIDENCIARIO RENDA FIXA IMA-B TITULOS PUBLICOS FUNDO DE INVESTIMENTO,0.0004323710,7.7796540190,0.0,0.00,3269210872.49,0.00
29131075000193,RJ,Maricá,2,2025,Renda Fixa,Fundo/Classe de Investimento - 100% Títulos Públicos SELIC - Art. 7º  I  b,100,11328882000135,BB PREVIDENCIARIO RENDA FIXA IRF-M1 TITULOS PUBLICOS FUNDO DE INVESTIMENTO EM COTAS DE FUNDO DE INVESTIMENTO,2319305.4661803530,3.9383522100,9134241.81,2.08,8615888136.11,0.11
29131075000193,RJ,Maricá,6,2025,Renda Fixa,Fundo/Classe de Investimento em Renda Fixa - Geral - Art. 7º  III  a,60,35292588000189,BB  PREVIDENCIARIO  RENDA  FIXA  ALOCACAO  ATIVA  RETORNO  TOTAL  FUNDO  DE  INVESTIMENTO EM COTAS  DE FUNDOS DE INVESTIMENTO,0.0001234520,1.5519620000,0.0,0.00,4689015290.65,0.00
29131075000193,RJ,Maricá,5,2025,Renda Fixa,Fundo/Classe de Investimento em Renda Fixa - Geral - Art. 7º  III  a,60,35292588000189,BB  PREVIDENCIARIO  RENDA  FIXA  ALOCACAO  ATIVA  RETORNO  TOTAL  FUNDO  DE  INVESTIMENTO EM COTAS  DE FUNDOS DE INVESTIMENTO,0.0001234520,1.5376350880,0.0,0.00,4851044752.91,0.00
29131075000193,RJ,Maricá,6,2025,Renda Variável,Fundo/Classe de Investimento em Ações - Art. 8º  I,30,07882792000114,BB  ACOES  SELECAO FATORIAL FUNDO DE INVESTIMENTO EM COTAS DE FUNDOS DE INVESTIMENTO,1075084.0379293700,2.6924700000,2894631.52,0.56,798555619.36,0.36
29131075000193,RJ,Maricá,2,2025,Renda Fixa,Fundo/Classe de Investimento - 100% Títulos Públicos SELIC - Art. 7º  I  b,100,10740658000193,FUNDO DE INVESTIMENTO CAIXA BRASIL IMA-B TITULOS PUBLICOS RENDA FIXA LONGO PRAZO,63990.4730470000,4.4205860000,282875.39,0.06,2366557811.48,0.01
29131075000193,RJ,Maricá,2,2025,Renda Fixa,Fundo/Classe de Investimento - 100% Títulos Públicos SELIC - Art. 7º  I  b,100,13322205000135,BB PREVIDENCIARIO RENDA FIXA IDKA 2 TITULOS PUBLICOS FUNDO DE INVESTIMENTO,15665070.5196953330,4.0192980900,62962588.02,14.35,4565063436.43,1.38
29131075000193,RJ,Maricá,6,2025,Investimentos Estruturados,Fundo/Classe de Investimento Multimercado FIM - Art. 10  I,10,03737188000143,FUNDO DE INVESTIMENTO CAIXA MULTIMERCADO RV 30 LONGO PRAZO,261535.6822700000,10.8379210000,2834503.06,0.55,326477608.05,0.87
29131075000193,RJ,Maricá,2,2025,Renda Fixa,Fundo/Classe de Investimento - 100% Títulos Públicos SELIC - Art. 7º  I  b,100,11328882000135,BB PREVIDENCIARIO RENDA FIXA IRF-M1 TITULOS PUBLICOS FUNDO DE INVESTIMENTO EM COTAS DE FUNDO DE INVESTIMENTO,4496550.7543862500,3.9383522100,17709000.6,4.04,8615888136.11,0.21
